,PLAYER,TEAM,GP,POSS,FREQ,PPP,PTS,FGM,FGA,FG%,EFG%,FT FREQ,TOV FREQ,SF FREQ,AND ONE FREQ,SCORE FREQ,PERCENTILE,Year,Playtype
0,Chris Paul,LAC,4.0,1.5,6.9,1.5,2.3,1.0,1.5,66.7,75.0,0.0,0.0,0.0,0.0,66.7,0.0,2015-16,hand-off
1,JJ Redick,LAC,6.0,3.7,25.9,0.64,2.3,1.2,3.5,33.3,33.3,0.0,4.5,0.0,0.0,31.8,29.4,2015-16,hand-off
2,Nicolas Batum,CHA,5.0,2.0,16.4,1.1,2.2,0.4,0.8,50.0,50.0,30.0,30.0,30.0,0.0,50.0,76.5,2015-16,hand-off
3,Isaiah Thomas,BOS,6.0,2.2,8.6,1.0,2.2,0.5,1.5,33.3,33.3,38.0,7.7,38.0,15.0,46.2,64.7,2015-16,hand-off
4,CJ McCollum,POR,11.0,1.1,5.0,1.33,1.5,0.5,1.0,54.5,63.6,8.0,0.0,8.0,0.0,58.3,93.8,2015-16,hand-off
5,Klay Thompson,GSW,24.0,1.2,5.2,1.21,1.4,0.5,1.0,56.5,73.9,0.0,17.9,0.0,0.0,46.4,82.4,2015-16,hand-off
6,Stephen Curry,GSW,18.0,0.9,3.9,1.47,1.4,0.4,0.8,53.3,76.7,6.0,5.9,6.0,0.0,52.9,100.0,2015-16,hand-off
7,Lance Stephenson,MEM,4.0,1.3,10.2,1.0,1.3,0.5,1.3,40.0,50.0,20.0,0.0,20.0,20.0,40.0,0.0,2015-16,hand-off
8,Jeremy Lin,CHA,7.0,1.1,8.8,1.13,1.3,0.4,0.9,50.0,58.3,25.0,12.5,25.0,12.0,50.0,0.0,2015-16,hand-off
9,Raymond Felton,DAL,5.0,2.0,11.6,0.6,1.2,0.6,1.8,33.3,33.3,0.0,10.0,0.0,0.0,30.0,23.5,2015-16,hand-off
10,Allen Crabbe,POR,11.0,0.7,9.2,1.5,1.1,0.5,0.6,71.4,71.4,25.0,0.0,25.0,12.0,75.0,0.0,2015-16,hand-off
11,Kyle Lowry,TOR,20.0,1.5,6.8,0.73,1.1,0.5,1.1,43.5,47.8,0.0,23.3,0.0,0.0,33.3,41.2,2015-16,hand-off
12,Kyrie Irving,CLE,21.0,0.9,3.6,1.33,1.1,0.4,0.6,61.5,69.2,17.0,11.1,6.0,0.0,61.1,93.8,2015-16,hand-off
13,Damian Lillard,POR,11.0,2.0,7.2,0.5,1.0,0.5,1.6,27.8,30.6,0.0,18.2,0.0,0.0,22.7,11.8,2015-16,hand-off
14,Andrew Goudelock,HOU,2.0,0.5,11.1,2.0,1.0,0.5,0.5,100.0,100.0,0.0,0.0,0.0,0.0,100.0,0.0,2015-16,hand-off
15,DeMar DeRozan,TOR,20.0,0.9,3.6,1.06,1.0,0.5,0.9,52.9,55.9,0.0,5.6,0.0,0.0,50.0,70.6,2015-16,hand-off
16,Patrick Beverley,HOU,5.0,0.4,4.5,2.5,1.0,0.4,0.4,100.0,125.0,0.0,0.0,0.0,0.0,100.0,0.0,2015-16,hand-off
17,Manu Ginobili,SAS,10.0,0.7,10.8,1.43,1.0,0.4,0.5,80.0,90.0,14.0,14.3,0.0,0.0,71.4,0.0,2015-16,hand-off
18,Courtney Lee,CHA,7.0,0.9,9.5,1.0,0.9,0.3,0.6,50.0,50.0,17.0,16.7,17.0,0.0,50.0,0.0,2015-16,hand-off
19,Dennis Schroder,ATL,10.0,0.3,2.3,3.0,0.9,0.3,0.3,100.0,133.3,33.0,0.0,33.0,33.0,100.0,0.0,2015-16,hand-off
20,Kawhi Leonard,SAS,10.0,1.0,4.9,0.9,0.9,0.4,0.9,44.4,50.0,0.0,10.0,0.0,0.0,40.0,47.1,2015-16,hand-off
21,Lamar Patterson,ATL,4.0,1.3,45.5,0.6,0.8,0.3,1.0,25.0,37.5,0.0,20.0,0.0,0.0,20.0,0.0,2015-16,hand-off
22,Marcus Morris Sr.,DET,4.0,0.3,1.6,3.0,0.8,0.3,0.3,100.0,150.0,0.0,0.0,0.0,0.0,100.0,0.0,2015-16,hand-off
23,Luis Montero,POR,6.0,0.3,66.7,2.5,0.8,0.3,0.3,100.0,125.0,0.0,0.0,0.0,0.0,100.0,0.0,2015-16,hand-off
24,Jordan Farmar,MEM,4.0,0.5,4.8,1.5,0.8,0.3,0.5,50.0,75.0,0.0,0.0,0.0,0.0,50.0,0.0,2015-16,hand-off
25,Kyle Korver,ATL,10.0,1.5,17.6,0.53,0.8,0.3,1.3,23.1,30.8,0.0,13.3,0.0,0.0,20.0,17.6,2015-16,hand-off
26,Evan Turner,BOS,6.0,0.7,3.6,1.0,0.7,0.2,0.3,50.0,50.0,25.0,25.0,25.0,0.0,50.0,0.0,2015-16,hand-off
27,Jamal Crawford,LAC,6.0,2.7,12.9,0.25,0.7,0.2,2.2,7.7,7.7,6.0,12.5,0.0,0.0,12.5,0.0,2015-16,hand-off
28,Jeremy Lamb,CHA,3.0,0.3,11.1,2.0,0.7,0.3,0.3,100.0,100.0,0.0,0.0,0.0,0.0,100.0,0.0,2015-16,hand-off
29,Deron Williams,DAL,3.0,1.0,12.0,0.67,0.7,0.3,1.0,33.3,33.3,0.0,0.0,0.0,0.0,33.3,0.0,2015-16,hand-off
30,Dwyane Wade,MIA,14.0,0.8,3.4,0.91,0.7,0.3,0.6,50.0,56.3,9.0,18.2,9.0,0.0,45.5,56.3,2015-16,hand-off
31,Rodney Stuckey,IND,7.0,0.6,7.7,1.0,0.6,0.3,0.4,66.7,66.7,0.0,25.0,0.0,0.0,50.0,0.0,2015-16,hand-off
32,Trevor Ariza,HOU,5.0,0.4,3.1,1.5,0.6,0.2,0.4,50.0,75.0,0.0,0.0,0.0,0.0,50.0,0.0,2015-16,hand-off
33,Goran Dragic,MIA,14.0,0.8,4.3,0.73,0.6,0.2,0.6,33.3,33.3,9.0,9.1,9.0,0.0,36.4,35.3,2015-16,hand-off
34,Danny Green,SAS,10.0,0.4,5.5,1.5,0.6,0.2,0.4,50.0,62.5,25.0,0.0,25.0,25.0,50.0,0.0,2015-16,hand-off
35,Terry Rozier,BOS,5.0,0.2,4.0,3.0,0.6,0.2,0.2,100.0,150.0,0.0,0.0,0.0,0.0,100.0,0.0,2015-16,hand-off
36,Patty Mills,SAS,10.0,0.9,13.6,0.56,0.5,0.2,0.7,28.6,35.7,0.0,22.2,0.0,0.0,22.2,0.0,2015-16,hand-off
37,J.J. Barea,DAL,4.0,0.5,4.3,1.0,0.5,0.3,0.5,50.0,50.0,0.0,0.0,0.0,0.0,50.0,0.0,2015-16,hand-off
38,Josh Richardson,MIA,14.0,0.6,7.5,0.88,0.5,0.2,0.6,37.5,37.5,12.0,0.0,12.0,12.0,37.5,0.0,2015-16,hand-off
39,Pat Connaughton,POR,6.0,0.2,20.0,3.0,0.5,0.2,0.2,100.0,150.0,0.0,0.0,0.0,0.0,100.0,0.0,2015-16,hand-off
40,Paul George,IND,7.0,0.9,3.4,0.5,0.4,0.1,0.9,16.7,25.0,0.0,0.0,0.0,0.0,16.7,0.0,2015-16,hand-off
41,Wesley Matthews,DAL,5.0,0.4,2.8,1.0,0.4,0.2,0.4,50.0,50.0,0.0,0.0,0.0,0.0,50.0,0.0,2015-16,hand-off
42,Justin Anderson,DAL,5.0,0.6,6.1,0.67,0.4,0.2,0.4,50.0,50.0,0.0,33.3,0.0,0.0,33.3,0.0,2015-16,hand-off
43,Michael Beasley,HOU,5.0,0.4,3.6,1.0,0.4,0.2,0.4,50.0,50.0,0.0,0.0,0.0,0.0,50.0,0.0,2015-16,hand-off
44,Kevin Martin,SAS,5.0,0.4,7.4,1.0,0.4,0.2,0.4,50.0,50.0,0.0,0.0,0.0,0.0,50.0,0.0,2015-16,hand-off
45,Jason Terry,HOU,5.0,0.8,10.0,0.5,0.4,0.2,0.6,33.3,33.3,0.0,25.0,0.0,0.0,25.0,0.0,2015-16,hand-off
46,James Harden,HOU,5.0,0.6,2.1,0.67,0.4,0.2,0.6,33.3,33.3,0.0,0.0,0.0,0.0,33.3,0.0,2015-16,hand-off
47,Terrence Ross,TOR,20.0,0.3,4.2,1.33,0.4,0.2,0.3,60.0,80.0,0.0,16.7,0.0,0.0,50.0,0.0,2015-16,hand-off
48,Devin Harris,DAL,5.0,0.2,2.7,2.0,0.4,0.2,0.2,100.0,100.0,0.0,0.0,0.0,0.0,100.0,0.0,2015-16,hand-off
49,Shaun Livingston,GSW,24.0,0.5,5.2,0.91,0.4,0.2,0.4,44.4,44.4,9.0,9.1,9.0,0.0,45.5,56.3,2015-16,hand-off
50,Al-Farouq Aminu,POR,11.0,0.4,2.4,1.0,0.4,0.1,0.2,50.0,50.0,25.0,25.0,25.0,0.0,50.0,0.0,2015-16,hand-off
51,LaMarcus Aldridge,SAS,10.0,0.3,1.5,1.33,0.4,0.2,0.3,66.7,66.7,0.0,0.0,0.0,0.0,66.7,0.0,2015-16,hand-off
52,George Hill,IND,7.0,0.3,2.7,1.0,0.3,0.0,0.1,0.0,0.0,50.0,0.0,0.0,0.0,50.0,0.0,2015-16,hand-off
53,Kent Bazemore,ATL,10.0,0.8,5.7,0.38,0.3,0.1,0.7,14.3,14.3,12.0,0.0,12.0,0.0,25.0,0.0,2015-16,hand-off
54,Myles Turner,IND,7.0,0.3,2.3,1.0,0.3,0.1,0.3,50.0,50.0,0.0,0.0,0.0,0.0,50.0,0.0,2015-16,hand-off
55,Jeff Green,LAC,6.0,0.3,3.2,1.0,0.3,0.0,0.0,0.0,0.0,100.0,0.0,100.0,0.0,100.0,0.0,2015-16,hand-off
56,Marreese Speights,GSW,24.0,0.2,3.3,1.2,0.3,0.1,0.2,40.0,60.0,0.0,0.0,0.0,0.0,40.0,0.0,2015-16,hand-off
57,DeMarre Carroll,TOR,20.0,0.3,2.6,1.2,0.3,0.1,0.2,50.0,50.0,20.0,0.0,20.0,0.0,60.0,0.0,2015-16,hand-off
58,JR Smith,CLE,21.0,0.3,2.9,1.0,0.3,0.1,0.2,40.0,60.0,0.0,16.7,0.0,0.0,33.3,0.0,2015-16,hand-off
59,Kemba Walker,CHA,7.0,0.6,2.2,0.5,0.3,0.1,0.6,25.0,25.0,0.0,0.0,0.0,0.0,25.0,0.0,2015-16,hand-off
60,Kevin Durant,OKC,18.0,0.8,2.6,0.43,0.3,0.2,0.6,27.3,27.3,0.0,14.3,7.0,0.0,21.4,5.9,2015-16,hand-off
61,Ian Clark,GSW,16.0,0.2,4.5,1.67,0.3,0.1,0.1,100.0,100.0,33.0,0.0,0.0,0.0,100.0,0.0,2015-16,hand-off
62,Austin Rivers,LAC,6.0,0.8,7.0,0.4,0.3,0.2,0.7,25.0,25.0,0.0,20.0,0.0,0.0,20.0,0.0,2015-16,hand-off
63,Andre Iguodala,GSW,24.0,0.3,3.3,1.14,0.3,0.1,0.2,50.0,75.0,29.0,14.3,29.0,0.0,42.9,0.0,2015-16,hand-off
64,Marcus Smart,BOS,6.0,1.2,8.2,0.29,0.3,0.2,1.0,16.7,16.7,0.0,14.3,0.0,0.0,14.3,0.0,2015-16,hand-off
65,Thabo Sefolosha,ATL,10.0,0.3,4.8,0.67,0.2,0.1,0.1,100.0,100.0,0.0,66.7,0.0,0.0,33.3,0.0,2015-16,hand-off
66,Tyler Johnson,MIA,5.0,0.4,11.1,0.5,0.2,0.0,0.2,0.0,0.0,50.0,0.0,0.0,0.0,50.0,0.0,2015-16,hand-off
67,Brandon Rush,GSW,15.0,0.2,13.0,1.0,0.2,0.1,0.2,33.3,50.0,0.0,0.0,0.0,0.0,33.3,0.0,2015-16,hand-off
68,Dion Waiters,OKC,18.0,0.2,1.8,1.0,0.2,0.1,0.1,50.0,50.0,33.0,0.0,33.0,0.0,66.7,0.0,2015-16,hand-off
69,Serge Ibaka,OKC,18.0,0.1,0.6,3.0,0.2,0.1,0.1,100.0,150.0,0.0,0.0,0.0,0.0,100.0,0.0,2015-16,hand-off
70,Gerald Green,MIA,12.0,0.6,13.5,0.29,0.2,0.1,0.6,14.3,14.3,0.0,0.0,0.0,0.0,14.3,0.0,2015-16,hand-off
71,Cory Joseph,TOR,20.0,0.3,2.7,0.8,0.2,0.1,0.3,40.0,40.0,0.0,0.0,0.0,0.0,40.0,0.0,2015-16,hand-off
72,Kyle Anderson,SAS,10.0,0.2,6.3,1.0,0.2,0.1,0.2,50.0,50.0,0.0,0.0,0.0,0.0,50.0,0.0,2015-16,hand-off
73,Tony Parker,SAS,10.0,0.6,5.0,0.33,0.2,0.1,0.6,16.7,16.7,0.0,0.0,0.0,0.0,16.7,0.0,2015-16,hand-off
74,Jeff Teague,ATL,10.0,0.5,2.9,0.4,0.2,0.1,0.4,25.0,25.0,0.0,20.0,0.0,0.0,20.0,0.0,2015-16,hand-off
75,Draymond Green,GSW,23.0,0.3,1.6,0.67,0.2,0.0,0.2,25.0,37.5,33.0,0.0,33.0,0.0,33.3,0.0,2015-16,hand-off
76,Paul Millsap,ATL,10.0,0.3,1.6,0.67,0.2,0.1,0.3,33.3,33.3,0.0,0.0,0.0,0.0,33.3,0.0,2015-16,hand-off
77,Matthew Dellavedova,CLE,20.0,0.3,6.1,0.67,0.2,0.1,0.3,33.3,33.3,0.0,0.0,0.0,0.0,33.3,0.0,2015-16,hand-off
78,Boris Diaw,SAS,9.0,0.2,3.7,1.0,0.2,0.1,0.2,50.0,50.0,0.0,0.0,0.0,0.0,50.0,0.0,2015-16,hand-off
79,Gerald Henderson,POR,11.0,0.3,3.3,0.67,0.2,0.1,0.3,33.3,33.3,0.0,0.0,0.0,0.0,33.3,0.0,2015-16,hand-off
80,Randy Foye,OKC,16.0,0.1,3.7,1.0,0.1,0.1,0.1,100.0,100.0,0.0,50.0,0.0,0.0,50.0,0.0,2015-16,hand-off
81,Iman Shumpert,CLE,21.0,0.1,3.8,1.0,0.1,0.0,0.1,33.3,50.0,0.0,0.0,0.0,0.0,33.3,0.0,2015-16,hand-off
82,Leandro Barbosa,GSW,23.0,0.2,3.7,0.5,0.1,0.0,0.1,33.3,33.3,0.0,25.0,0.0,0.0,25.0,0.0,2015-16,hand-off
83,Harrison Barnes,GSW,24.0,0.0,0.4,2.0,0.1,0.0,0.0,0.0,0.0,100.0,0.0,100.0,0.0,100.0,0.0,2015-16,hand-off
84,Mo Williams,CLE,13.0,0.3,10.3,0.25,0.1,0.0,0.2,0.0,0.0,25.0,25.0,0.0,0.0,25.0,0.0,2015-16,hand-off
85,Russell Westbrook,OKC,18.0,0.4,1.5,0.25,0.1,0.1,0.4,12.5,12.5,0.0,0.0,0.0,0.0,12.5,0.0,2015-16,hand-off
86,Delon Wright,TOR,9.0,0.1,5.6,1.0,0.1,0.0,0.0,0.0,0.0,100.0,0.0,100.0,0.0,100.0,0.0,2015-16,hand-off
87,Richard Jefferson,CLE,21.0,0.1,2.8,0.67,0.1,0.0,0.1,33.3,33.3,0.0,0.0,0.0,0.0,33.3,0.0,2015-16,hand-off
88,Joe Johnson,MIA,14.0,0.2,1.6,0.67,0.1,0.1,0.1,50.0,50.0,0.0,33.3,0.0,0.0,33.3,0.0,2015-16,hand-off
89,Luol Deng,MIA,14.0,0.1,0.6,2.0,0.1,0.0,0.0,0.0,0.0,100.0,0.0,100.0,0.0,100.0,0.0,2015-16,hand-off
90,Vince Carter,MEM,4.0,0.5,5.1,0.0,0.0,0.0,0.5,0.0,0.0,0.0,0.0,0.0,0.0,0.0,0.0,2015-16,hand-off
91,Stanley Johnson,DET,4.0,0.3,3.7,0.0,0.0,0.0,0.0,0.0,0.0,0.0,100.0,0.0,0.0,0.0,0.0,2015-16,hand-off
92,Dirk Nowitzki,DAL,5.0,0.2,1.0,0.0,0.0,0.0,0.2,0.0,0.0,0.0,0.0,0.0,0.0,0.0,0.0,2015-16,hand-off
93,Pablo Prigioni,LAC,5.0,0.2,12.5,0.0,0.0,0.0,0.2,0.0,0.0,0.0,0.0,0.0,0.0,0.0,0.0,2015-16,hand-off
94,Cameron Payne,OKC,10.0,0.1,2.8,0.0,0.0,0.0,0.0,0.0,0.0,100.0,0.0,100.0,0.0,0.0,0.0,2015-16,hand-off
95,CJ Miles,IND,7.0,0.1,2.4,0.0,0.0,0.0,0.1,0.0,0.0,0.0,0.0,0.0,0.0,0.0,0.0,2015-16,hand-off
96,Anthony Morrow,OKC,14.0,0.1,6.3,0.0,0.0,0.0,0.1,0.0,0.0,0.0,50.0,0.0,0.0,0.0,0.0,2015-16,hand-off
97,Marvin Williams,CHA,7.0,0.3,3.6,0.0,0.0,0.0,0.1,0.0,0.0,0.0,50.0,0.0,0.0,0.0,0.0,2015-16,hand-off
98,Solomon Hill,IND,7.0,0.3,4.8,0.0,0.0,0.0,0.1,0.0,0.0,0.0,50.0,0.0,0.0,0.0,0.0,2015-16,hand-off
99,Ty Lawson,IND,7.0,0.3,7.4,0.0,0.0,0.0,0.3,0.0,0.0,0.0,0.0,0.0,0.0,0.0,0.0,2015-16,hand-off
100,Wesley Johnson,LAC,6.0,0.3,11.8,0.0,0.0,0.0,0.3,0.0,0.0,0.0,0.0,0.0,0.0,0.0,0.0,2015-16,hand-off
101,Jae Crowder,BOS,6.0,0.3,2.4,0.0,0.0,0.0,0.3,0.0,0.0,0.0,0.0,0.0,0.0,0.0,0.0,2015-16,hand-off
102,Mason Plumlee,POR,11.0,0.1,0.9,0.0,0.0,0.0,0.1,0.0,0.0,0.0,0.0,0.0,0.0,0.0,0.0,2015-16,hand-off
103,Reggie Jackson,DET,4.0,0.5,3.1,0.0,0.0,0.0,0.3,0.0,0.0,0.0,50.0,0.0,0.0,0.0,0.0,2015-16,hand-off
104,Monta Ellis,IND,7.0,0.4,3.1,0.0,0.0,0.0,0.3,0.0,0.0,0.0,33.3,0.0,0.0,0.0,0.0,2015-16,hand-off
105,Xavier Munford,MEM,4.0,0.8,9.1,0.0,0.0,0.0,0.8,0.0,0.0,0.0,0.0,0.0,0.0,0.0,0.0,2015-16,hand-off
106,Matt Barnes,MEM,4.0,0.8,4.8,0.0,0.0,0.0,0.5,0.0,0.0,0.0,33.3,0.0,0.0,0.0,0.0,2015-16,hand-off
107,Kirk Hinrich,ATL,6.0,0.2,14.3,0.0,0.0,0.0,0.2,0.0,0.0,0.0,0.0,0.0,0.0,0.0,0.0,2015-16,hand-off
108,Maurice Harkless,POR,11.0,0.1,0.8,0.0,0.0,0.0,0.1,0.0,0.0,0.0,0.0,0.0,0.0,0.0,0.0,2015-16,hand-off
109,Kyle Singler,OKC,6.0,0.2,10.0,0.0,0.0,0.0,0.2,0.0,0.0,0.0,0.0,0.0,0.0,0.0,0.0,2015-16,hand-off
110,Patrick Patterson,TOR,20.0,0.1,0.6,0.0,0.0,0.0,0.0,0.0,0.0,0.0,100.0,0.0,0.0,0.0,0.0,2015-16,hand-off
111,Corey Brewer,HOU,5.0,0.6,8.1,0.0,0.0,0.0,0.6,0.0,0.0,0.0,0.0,0.0,0.0,0.0,0.0,2015-16,hand-off
112,James Jones,CLE,12.0,0.1,7.7,0.0,0.0,0.0,0.1,0.0,0.0,0.0,0.0,0.0,0.0,0.0,0.0,2015-16,hand-off
113,Jonathon Simmons,SAS,3.0,0.3,8.3,0.0,0.0,0.0,0.0,0.0,0.0,0.0,100.0,0.0,0.0,0.0,0.0,2015-16,hand-off
114,Troy Daniels,CHA,4.0,0.3,12.5,0.0,0.0,0.0,0.3,0.0,0.0,0.0,0.0,0.0,0.0,0.0,0.0,2015-16,hand-off
115,Anderson Varejao,GSW,17.0,0.1,4.0,0.0,0.0,0.0,0.1,0.0,0.0,0.0,0.0,0.0,0.0,0.0,0.0,2015-16,hand-off
116,Tony Allen,MEM,4.0,0.3,2.2,0.0,0.0,0.0,0.3,0.0,0.0,0.0,0.0,0.0,0.0,0.0,0.0,2015-16,hand-off
117,Kentavious Caldwell-Pope,DET,4.0,0.3,1.8,0.0,0.0,0.0,0.3,0.0,0.0,0.0,0.0,0.0,0.0,0.0,0.0,2015-16,hand-off
118,Tim Hardaway Jr.,ATL,9.0,0.1,3.2,0.0,0.0,0.0,0.1,0.0,0.0,0.0,0.0,0.0,0.0,0.0,0.0,2015-16,hand-off
119,PJ Hairston,MEM,2.0,0.5,12.5,0.0,0.0,0.0,0.0,0.0,0.0,100.0,0.0,100.0,0.0,0.0,0.0,2015-16,hand-off
120,RJ Hunter,BOS,5.0,0.2,10.0,0.0,0.0,0.0,0.2,0.0,0.0,0.0,0.0,0.0,0.0,0.0,0.0,2015-16,hand-off
121,Josh McRoberts,MIA,10.0,0.1,2.4,0.0,0.0,0.0,0.0,0.0,0.0,0.0,100.0,0.0,0.0,0.0,0.0,2015-16,hand-off
122,Frank Kaminsky,CHA,7.0,0.1,1.7,0.0,0.0,0.0,0.1,0.0,0.0,0.0,0.0,0.0,0.0,0.0,0.0,2015-16,hand-off
123,Avery Bradley,BOS,1.0,1.0,5.6,0.0,0.0,0.0,1.0,0.0,0.0,0.0,0.0,0.0,0.0,0.0,0.0,2015-16,hand-off
124,James Johnson,TOR,10.0,0.1,3.1,0.0,0.0,0.0,0.0,0.0,0.0,0.0,100.0,0.0,0.0,0.0,0.0,2015-16,hand-off
125,Joe Young,IND,4.0,0.3,9.1,0.0,0.0,0.0,0.0,0.0,0.0,0.0,100.0,0.0,0.0,0.0,0.0,2015-16,hand-off
126,Brian Roberts,POR,10.0,0.1,7.7,0.0,0.0,0.0,0.1,0.0,0.0,0.0,0.0,0.0,0.0,0.0,0.0,2015-16,hand-off
127,LeBron James,CLE,21.0,0.2,0.9,0.0,0.0,0.0,0.2,0.0,0.0,0.0,20.0,0.0,0.0,0.0,0.0,2015-16,hand-off
0,Gordon Hayward,UTA,11.0,2.6,12.1,1.0,2.6,0.9,2.2,41.7,47.9,10.3,6.9,10.3,0.0,44.8,72.7,2016-17,hand-off
1,JJ Redick,LAC,7.0,1.7,16.7,1.0,2.1,0.7,1.1,62.5,81.3,8.3,25.0,8.3,0.0,50.0,90.9,2016-17,hand-off
2,CJ McCollum,POR,4.0,1.3,4.9,1.0,1.8,0.8,1.0,75.0,87.5,0.0,20.0,0.0,0.0,60.0,0.0,2016-17,hand-off
3,Lance Stephenson,IND,4.0,1.0,6.9,2.0,1.8,0.8,1.0,75.0,87.5,0.0,0.0,0.0,0.0,75.0,0.0,2016-17,hand-off
4,Isaiah Thomas,BOS,15.0,2.1,9.0,1.0,1.8,0.5,1.3,42.1,44.7,21.9,21.9,18.8,3.0,43.8,45.5,2016-17,hand-off
5,Avery Bradley,BOS,18.0,1.8,10.2,1.0,1.6,0.7,1.5,48.1,51.9,3.1,15.6,3.1,3.0,40.6,54.5,2016-17,hand-off
6,Russell Westbrook,OKC,5.0,1.8,4.2,1.0,1.6,0.6,1.4,42.9,50.0,11.1,11.1,11.1,0.0,44.4,0.0,2016-17,hand-off
7,Tim Hardaway Jr.,ATL,6.0,2.2,13.0,1.0,1.5,0.7,2.2,30.8,34.6,7.7,0.0,7.7,8.0,30.8,27.3,2016-17,hand-off
8,Kyrie Irving,CLE,18.0,0.9,3.8,2.0,1.4,0.4,0.6,70.0,85.0,29.4,17.6,29.4,6.0,64.7,100.0,2016-17,hand-off
9,Damian Lillard,POR,4.0,1.8,6.2,1.0,1.3,0.3,1.5,16.7,25.0,14.3,0.0,0.0,0.0,28.6,0.0,2016-17,hand-off
10,Kyle Lowry,TOR,8.0,1.0,6.5,1.0,1.3,0.6,0.9,71.4,71.4,0.0,12.5,0.0,0.0,62.5,0.0,2016-17,hand-off
11,Raymond Felton,LAC,7.0,0.9,16.2,2.0,1.3,0.4,0.7,60.0,60.0,16.7,0.0,16.7,0.0,66.7,0.0,2016-17,hand-off
12,Mike Conley,MEM,6.0,1.7,7.8,1.0,1.2,0.5,1.3,37.5,43.8,0.0,10.0,10.0,0.0,30.0,36.4,2016-17,hand-off
13,Bradley Beal,WAS,13.0,1.2,4.8,1.0,1.1,0.3,0.9,33.3,33.3,20.0,0.0,6.7,0.0,46.7,63.6,2016-17,hand-off
14,Bobby Brown,HOU,5.0,0.6,15.0,2.0,1.0,0.4,0.6,66.7,83.3,0.0,0.0,0.0,0.0,66.7,0.0,2016-17,hand-off
15,George Hill,UTA,8.0,1.0,6.6,1.0,1.0,0.5,0.8,66.7,66.7,0.0,25.0,0.0,0.0,50.0,0.0,2016-17,hand-off
16,Dennis Schroder,ATL,6.0,1.2,5.1,1.0,1.0,0.3,0.8,40.0,40.0,14.3,14.3,14.3,0.0,42.9,0.0,2016-17,hand-off
17,Kawhi Leonard,SAS,12.0,0.5,2.2,2.0,0.9,0.3,0.4,80.0,110.0,0.0,16.7,0.0,0.0,66.7,0.0,2016-17,hand-off
18,Norman Powell,TOR,9.0,0.4,3.7,2.0,0.9,0.3,0.4,75.0,100.0,0.0,0.0,0.0,0.0,75.0,0.0,2016-17,hand-off
19,Chris Paul,LAC,7.0,1.1,4.8,1.0,0.9,0.4,1.1,37.5,37.5,0.0,0.0,0.0,0.0,37.5,0.0,2016-17,hand-off
20,Giannis Antetokounmpo,MIL,6.0,0.7,2.6,1.0,0.8,0.3,0.5,66.7,83.3,0.0,25.0,0.0,0.0,50.0,0.0,2016-17,hand-off
21,Khris Middleton,MIL,6.0,0.8,5.2,1.0,0.8,0.3,0.7,50.0,62.5,0.0,20.0,0.0,0.0,40.0,0.0,2016-17,hand-off
22,Jimmy Butler,CHI,6.0,1.0,4.3,1.0,0.8,0.3,1.0,33.3,41.7,0.0,0.0,0.0,0.0,33.3,0.0,2016-17,hand-off
23,Rodney Hood,UTA,11.0,1.3,11.4,1.0,0.8,0.2,1.0,18.2,18.2,21.4,0.0,21.4,0.0,35.7,18.2,2016-17,hand-off
24,Jonathon Simmons,SAS,15.0,0.7,6.9,1.0,0.8,0.3,0.7,50.0,50.0,18.2,0.0,18.2,9.0,54.5,81.8,2016-17,hand-off
25,Gerald Green,BOS,13.0,0.4,6.1,2.0,0.8,0.3,0.3,100.0,137.5,0.0,20.0,0.0,0.0,80.0,0.0,2016-17,hand-off
26,Shabazz Napier,POR,4.0,0.5,8.7,2.0,0.8,0.3,0.5,50.0,75.0,0.0,0.0,0.0,0.0,50.0,0.0,2016-17,hand-off
27,Paul George,IND,4.0,0.5,1.8,2.0,0.8,0.3,0.5,50.0,75.0,0.0,0.0,0.0,0.0,50.0,0.0,2016-17,hand-off
28,Paul Zipser,CHI,6.0,0.3,4.5,2.0,0.7,0.3,0.3,100.0,100.0,0.0,0.0,0.0,0.0,100.0,0.0,2016-17,hand-off
29,Anthony Morrow,CHI,3.0,0.3,10.0,2.0,0.7,0.3,0.3,100.0,100.0,0.0,0.0,0.0,0.0,100.0,0.0,2016-17,hand-off
30,Blake Griffin,LAC,3.0,0.3,1.7,2.0,0.7,0.3,0.3,100.0,100.0,0.0,0.0,0.0,0.0,100.0,0.0,2016-17,hand-off
31,James Harden,HOU,11.0,0.5,1.8,1.0,0.6,0.1,0.4,25.0,25.0,33.3,0.0,33.3,0.0,50.0,0.0,2016-17,hand-off
32,Eric Gordon,HOU,11.0,1.0,7.7,1.0,0.6,0.2,0.7,25.0,31.3,9.1,18.2,9.1,0.0,27.3,9.1,2016-17,hand-off
33,Andre Roberson,OKC,5.0,0.4,3.2,2.0,0.6,0.2,0.2,100.0,150.0,50.0,0.0,50.0,0.0,50.0,0.0,2016-17,hand-off
34,Doug McDermott,OKC,5.0,0.4,10.5,2.0,0.6,0.2,0.4,50.0,75.0,0.0,0.0,0.0,0.0,50.0,0.0,2016-17,hand-off
35,Taurean Prince,ATL,6.0,0.7,6.6,1.0,0.5,0.2,0.3,50.0,75.0,0.0,50.0,0.0,0.0,25.0,0.0,2016-17,hand-off
36,Nikola Mirotic,CHI,6.0,0.5,5.2,1.0,0.5,0.2,0.5,33.3,50.0,0.0,0.0,0.0,0.0,33.3,0.0,2016-17,hand-off
37,Tony Snell,MIL,6.0,0.5,6.5,1.0,0.5,0.2,0.5,33.3,50.0,0.0,0.0,0.0,0.0,33.3,0.0,2016-17,hand-off
38,Jeff Teague,IND,4.0,0.3,1.7,2.0,0.5,0.3,0.3,100.0,100.0,0.0,0.0,0.0,0.0,100.0,0.0,2016-17,hand-off
39,Michael Beasley,MIL,4.0,0.5,8.3,1.0,0.5,0.3,0.5,50.0,50.0,0.0,0.0,0.0,0.0,50.0,0.0,2016-17,hand-off
40,Andrew Harrison,MEM,6.0,0.2,2.9,3.0,0.5,0.2,0.2,100.0,150.0,0.0,0.0,0.0,0.0,100.0,0.0,2016-17,hand-off
41,LeBron James,CLE,18.0,0.3,1.0,2.0,0.5,0.2,0.3,80.0,90.0,20.0,0.0,20.0,20.0,80.0,0.0,2016-17,hand-off
42,Joe Johnson,UTA,11.0,0.4,2.6,1.0,0.4,0.0,0.2,0.0,0.0,50.0,0.0,25.0,0.0,50.0,0.0,2016-17,hand-off
43,Jerian Grant,CHI,5.0,0.4,6.5,1.0,0.4,0.2,0.4,50.0,50.0,0.0,0.0,0.0,0.0,50.0,0.0,2016-17,hand-off
44,Victor Oladipo,OKC,5.0,0.2,1.4,2.0,0.4,0.2,0.2,100.0,100.0,0.0,0.0,0.0,0.0,100.0,0.0,2016-17,hand-off
45,Jae Crowder,BOS,18.0,0.5,3.8,1.0,0.4,0.2,0.5,33.3,44.4,0.0,0.0,0.0,0.0,33.3,0.0,2016-17,hand-off
46,Marreese Speights,LAC,7.0,0.3,4.4,2.0,0.4,0.1,0.3,50.0,75.0,0.0,0.0,0.0,0.0,50.0,0.0,2016-17,hand-off
47,Marcus Smart,BOS,18.0,0.2,2.1,2.0,0.4,0.1,0.2,50.0,75.0,25.0,0.0,25.0,25.0,50.0,0.0,2016-17,hand-off
48,Terry Rozier,BOS,17.0,0.3,5.0,1.0,0.4,0.1,0.2,50.0,62.5,20.0,0.0,20.0,0.0,60.0,0.0,2016-17,hand-off
49,Andre Iguodala,GSW,16.0,0.3,3.1,1.0,0.3,0.1,0.2,66.7,66.7,25.0,25.0,25.0,25.0,50.0,0.0,2016-17,hand-off
50,Kevin Durant,GSW,15.0,0.3,1.4,1.0,0.3,0.1,0.3,50.0,50.0,0.0,20.0,0.0,0.0,40.0,0.0,2016-17,hand-off
51,P.J. Tucker,TOR,10.0,0.1,1.6,3.0,0.3,0.1,0.1,100.0,150.0,0.0,0.0,0.0,0.0,100.0,0.0,2016-17,hand-off
52,JR Smith,CLE,18.0,0.3,4.3,1.0,0.3,0.1,0.3,40.0,60.0,20.0,0.0,20.0,20.0,40.0,0.0,2016-17,hand-off
53,Patrick Beverley,HOU,11.0,0.3,2.3,1.0,0.3,0.1,0.3,33.3,50.0,0.0,0.0,0.0,0.0,33.3,0.0,2016-17,hand-off
54,Kelly Olynyk,BOS,18.0,0.3,3.1,1.0,0.3,0.1,0.2,50.0,50.0,20.0,0.0,0.0,0.0,60.0,0.0,2016-17,hand-off
55,Evan Turner,POR,4.0,0.5,4.2,0.0,0.3,0.0,0.3,0.0,0.0,50.0,0.0,50.0,0.0,50.0,0.0,2016-17,hand-off
56,Matthew Dellavedova,MIL,6.0,0.3,3.8,1.0,0.3,0.2,0.2,100.0,100.0,0.0,50.0,0.0,0.0,50.0,0.0,2016-17,hand-off
57,Marc Gasol,MEM,6.0,0.3,1.8,1.0,0.3,0.2,0.2,100.0,100.0,0.0,50.0,0.0,0.0,50.0,0.0,2016-17,hand-off
58,Tony Parker,SAS,8.0,0.6,4.3,0.0,0.3,0.0,0.5,0.0,0.0,20.0,0.0,20.0,0.0,20.0,0.0,2016-17,hand-off
59,Derrick Williams,CLE,8.0,0.1,5.3,2.0,0.3,0.1,0.1,100.0,100.0,0.0,0.0,0.0,0.0,100.0,0.0,2016-17,hand-off
60,Sheldon Mac,WAS,7.0,0.1,9.1,2.0,0.3,0.1,0.1,100.0,100.0,0.0,0.0,0.0,0.0,100.0,0.0,2016-17,hand-off
61,Patty Mills,SAS,16.0,0.5,4.7,1.0,0.3,0.1,0.4,16.7,25.0,12.5,12.5,12.5,0.0,25.0,0.0,2016-17,hand-off
62,Manu Ginobili,SAS,16.0,0.4,5.9,1.0,0.3,0.1,0.3,40.0,50.0,0.0,28.6,0.0,0.0,28.6,0.0,2016-17,hand-off
63,Jamal Crawford,LAC,7.0,0.6,4.1,0.0,0.3,0.1,0.6,25.0,25.0,0.0,0.0,0.0,0.0,25.0,0.0,2016-17,hand-off
64,Jose Calderon,ATL,6.0,0.2,3.7,2.0,0.3,0.2,0.2,100.0,100.0,0.0,0.0,0.0,0.0,100.0,0.0,2016-17,hand-off
65,Vince Carter,MEM,6.0,0.5,5.5,1.0,0.3,0.2,0.3,50.0,50.0,0.0,33.3,0.0,0.0,33.3,0.0,2016-17,hand-off
66,Dante Exum,UTA,7.0,0.3,6.1,1.0,0.3,0.1,0.3,50.0,50.0,0.0,0.0,0.0,0.0,50.0,0.0,2016-17,hand-off
67,Malcolm Brogdon,MIL,6.0,0.7,6.0,0.0,0.3,0.2,0.5,33.3,33.3,0.0,25.0,0.0,0.0,25.0,0.0,2016-17,hand-off
68,Deron Williams,CLE,18.0,0.1,1.2,3.0,0.2,0.1,0.1,100.0,150.0,0.0,0.0,0.0,0.0,100.0,0.0,2016-17,hand-off
69,Stephen Curry,GSW,17.0,0.5,1.9,0.0,0.2,0.1,0.4,14.3,21.4,0.0,12.5,0.0,0.0,12.5,0.0,2016-17,hand-off
70,Al Horford,BOS,18.0,0.1,0.4,3.0,0.2,0.1,0.1,100.0,150.0,0.0,0.0,0.0,0.0,100.0,0.0,2016-17,hand-off
71,Dahntay Jones,CLE,10.0,0.1,7.7,2.0,0.2,0.0,0.0,0.0,0.0,100.0,0.0,100.0,0.0,100.0,0.0,2016-17,hand-off
72,John Wall,WAS,13.0,0.4,1.3,1.0,0.2,0.1,0.4,20.0,30.0,0.0,0.0,0.0,0.0,20.0,0.0,2016-17,hand-off
73,DeMar DeRozan,TOR,10.0,0.7,3.0,0.0,0.2,0.1,0.7,14.3,14.3,0.0,0.0,0.0,0.0,14.3,0.0,2016-17,hand-off
74,Lou Williams,HOU,11.0,0.5,3.5,0.0,0.2,0.1,0.4,25.0,25.0,0.0,20.0,0.0,0.0,20.0,0.0,2016-17,hand-off
75,Dejounte Murray,SAS,11.0,0.3,3.4,1.0,0.2,0.1,0.3,33.3,33.3,0.0,0.0,0.0,0.0,33.3,0.0,2016-17,hand-off
76,Rudy Gobert,UTA,9.0,0.1,1.1,2.0,0.2,0.1,0.1,100.0,100.0,0.0,0.0,0.0,0.0,100.0,0.0,2016-17,hand-off
77,Raul Neto,UTA,9.0,0.1,5.6,2.0,0.2,0.1,0.1,100.0,100.0,0.0,0.0,0.0,0.0,100.0,0.0,2016-17,hand-off
78,Klay Thompson,GSW,17.0,0.6,3.7,0.0,0.2,0.1,0.5,11.1,16.7,0.0,10.0,0.0,0.0,10.0,0.0,2016-17,hand-off
79,Jaylen Brown,BOS,17.0,0.1,2.2,1.0,0.1,0.1,0.1,100.0,100.0,0.0,50.0,0.0,0.0,50.0,0.0,2016-17,hand-off
80,Patrick McCaw,GSW,15.0,0.2,5.3,0.0,0.1,0.0,0.1,0.0,0.0,33.3,0.0,33.3,0.0,33.3,0.0,2016-17,hand-off
81,Matt Barnes,GSW,12.0,0.2,11.1,0.0,0.0,0.0,0.2,0.0,0.0,0.0,0.0,0.0,0.0,0.0,0.0,2016-17,hand-off
82,Channing Frye,CLE,12.0,0.1,1.5,0.0,0.0,0.0,0.1,0.0,0.0,0.0,0.0,0.0,0.0,0.0,0.0,2016-17,hand-off
83,Bryn Forbes,SAS,6.0,0.2,3.8,0.0,0.0,0.0,0.2,0.0,0.0,0.0,0.0,0.0,0.0,0.0,0.0,2016-17,hand-off
84,Brandon Jennings,WAS,13.0,0.1,2.1,0.0,0.0,0.0,0.1,0.0,0.0,0.0,0.0,0.0,0.0,0.0,0.0,2016-17,hand-off
85,Isaiah Canaan,CHI,3.0,0.3,2.9,0.0,0.0,0.0,0.3,0.0,0.0,0.0,0.0,0.0,0.0,0.0,0.0,2016-17,hand-off
86,James Ennis III,MEM,6.0,0.2,2.0,0.0,0.0,0.0,0.2,0.0,0.0,0.0,0.0,0.0,0.0,0.0,0.0,2016-17,hand-off
87,Danny Green,SAS,16.0,0.3,3.0,0.0,0.0,0.0,0.3,0.0,0.0,0.0,0.0,0.0,0.0,0.0,0.0,2016-17,hand-off
88,Michael Carter-Williams,CHI,5.0,0.4,8.7,0.0,0.0,0.0,0.2,0.0,0.0,0.0,0.0,50.0,0.0,0.0,0.0,2016-17,hand-off
89,Monta Ellis,IND,4.0,0.5,7.4,0.0,0.0,0.0,0.5,0.0,0.0,0.0,0.0,0.0,0.0,0.0,0.0,2016-17,hand-off
90,Richard Jefferson,CLE,14.0,0.1,3.3,0.0,0.0,0.0,0.1,0.0,0.0,0.0,0.0,0.0,0.0,0.0,0.0,2016-17,hand-off
91,Kyle Korver,CLE,18.0,0.1,2.2,0.0,0.0,0.0,0.1,0.0,0.0,0.0,0.0,0.0,0.0,0.0,0.0,2016-17,hand-off
92,James Young,BOS,10.0,0.1,5.9,0.0,0.0,0.0,0.1,0.0,0.0,0.0,0.0,0.0,0.0,0.0,0.0,2016-17,hand-off
93,Ian Clark,GSW,16.0,0.3,4.2,0.0,0.0,0.0,0.2,0.0,0.0,0.0,25.0,0.0,0.0,0.0,0.0,2016-17,hand-off
94,Shelvin Mack,UTA,9.0,0.1,1.5,0.0,0.0,0.0,0.1,0.0,0.0,0.0,0.0,0.0,0.0,0.0,0.0,2016-17,hand-off
95,Bojan Bogdanovic,WAS,13.0,0.1,0.9,0.0,0.0,0.0,0.1,0.0,0.0,0.0,0.0,0.0,0.0,0.0,0.0,2016-17,hand-off
96,Jason Terry,MIL,6.0,0.2,5.0,0.0,0.0,0.0,0.2,0.0,0.0,0.0,0.0,0.0,0.0,0.0,0.0,2016-17,hand-off
97,Mike Dunleavy,ATL,6.0,0.2,6.7,0.0,0.0,0.0,0.0,0.0,0.0,0.0,100.0,0.0,0.0,0.0,0.0,2016-17,hand-off
98,Denzel Valentine,CHI,4.0,0.3,12.5,0.0,0.0,0.0,0.3,0.0,0.0,0.0,0.0,0.0,0.0,0.0,0.0,2016-17,hand-off
99,Luc Mbah a Moute,LAC,7.0,0.1,1.8,0.0,0.0,0.0,0.1,0.0,0.0,0.0,0.0,0.0,0.0,0.0,0.0,2016-17,hand-off
100,Austin Rivers,LAC,3.0,0.3,3.1,0.0,0.0,0.0,0.3,0.0,0.0,0.0,0.0,0.0,0.0,0.0,0.0,2016-17,hand-off
101,Trey Burke,WAS,3.0,0.3,25.0,0.0,0.0,0.0,0.3,0.0,0.0,0.0,0.0,0.0,0.0,0.0,0.0,2016-17,hand-off
102,Alex Abrines,OKC,5.0,0.2,4.0,0.0,0.0,0.0,0.2,0.0,0.0,0.0,0.0,0.0,0.0,0.0,0.0,2016-17,hand-off
103,Boris Diaw,UTA,11.0,0.1,1.5,0.0,0.0,0.0,0.1,0.0,0.0,0.0,0.0,0.0,0.0,0.0,0.0,2016-17,hand-off
104,Serge Ibaka,TOR,10.0,0.1,0.7,0.0,0.0,0.0,0.1,0.0,0.0,0.0,0.0,0.0,0.0,0.0,0.0,2016-17,hand-off
105,CJ Miles,IND,4.0,0.3,3.7,0.0,0.0,0.0,0.3,0.0,0.0,0.0,0.0,0.0,0.0,0.0,0.0,2016-17,hand-off
106,Kevin Seraphin,IND,4.0,0.3,3.0,0.0,0.0,0.0,0.3,0.0,0.0,0.0,0.0,0.0,0.0,0.0,0.0,2016-17,hand-off
107,Dwyane Wade,CHI,6.0,0.2,0.9,0.0,0.0,0.0,0.2,0.0,0.0,0.0,0.0,0.0,0.0,0.0,0.0,2016-17,hand-off
108,Kent Bazemore,ATL,6.0,0.8,6.6,0.0,0.0,0.0,0.5,0.0,0.0,0.0,40.0,0.0,0.0,0.0,0.0,2016-17,hand-off
109,Joe Ingles,UTA,11.0,0.5,7.5,0.0,0.0,0.0,0.5,0.0,0.0,0.0,16.7,0.0,0.0,0.0,0.0,2016-17,hand-off
0,Marco Belinelli,PHI,10.0,3.4,28.1,0.85,2.9,0.8,2.9,27.6,32.8,15.0,0.0,6.0,0.0,38.0,54.5,2017-18,hand-off
1,Bradley Beal,WAS,6.0,1.7,7.6,1.7,2.8,1.2,1.7,70.0,80.0,10.0,0.0,10.0,10.0,70.0,100.0,2017-18,hand-off
2,JJ Redick,PHI,10.0,3.9,23.8,0.72,2.8,1.0,3.4,29.4,30.9,10.0,5.0,10.0,3.0,33.0,31.8,2017-18,hand-off
3,Tyler Johnson,MIA,5.0,1.4,22.6,1.71,2.4,1.0,1.4,71.4,85.7,0.0,0.0,0.0,0.0,71.0,0.0,2017-18,hand-off
4,Stephen Curry,GSW,15.0,1.7,6.9,1.36,2.3,0.7,1.2,61.1,80.6,8.0,20.0,8.0,0.0,52.0,95.5,2017-18,hand-off
5,Josh Richardson,MIA,5.0,2.0,20.8,0.9,1.8,0.8,1.8,44.4,44.4,10.0,10.0,10.0,10.0,40.0,65.0,2017-18,hand-off
6,Donovan Mitchell,UTA,11.0,2.1,7.8,0.83,1.7,0.7,1.8,40.0,42.5,4.0,9.0,0.0,0.0,39.0,50.0,2017-18,hand-off
7,James Harden,HOU,17.0,1.5,5.2,1.08,1.6,0.6,1.5,44.0,52.0,4.0,0.0,4.0,0.0,46.0,86.4,2017-18,hand-off
8,Paul George,OKC,6.0,1.7,6.3,0.9,1.5,0.5,1.7,30.0,45.0,10.0,0.0,10.0,10.0,30.0,65.0,2017-18,hand-off
9,Khris Middleton,MIL,7.0,1.0,5.2,1.29,1.3,0.4,0.9,50.0,66.7,14.0,14.0,14.0,14.0,43.0,0.0,2017-18,hand-off
10,Marcus Morris Sr.,BOS,19.0,1.2,8.6,1.04,1.3,0.4,1.1,38.1,50.0,13.0,4.0,13.0,9.0,39.0,77.3,2017-18,hand-off
11,Wayne Ellington,MIA,5.0,2.8,35.9,0.43,1.2,0.4,2.8,14.3,21.4,0.0,0.0,0.0,0.0,14.0,9.1,2017-18,hand-off
12,Alec Burks,UTA,9.0,0.4,5.3,2.75,1.2,0.4,0.4,100.0,112.5,50.0,0.0,50.0,50.0,100.0,0.0,2017-18,hand-off
13,Russell Westbrook,OKC,6.0,0.8,2.4,1.4,1.2,0.3,0.7,50.0,75.0,20.0,0.0,0.0,0.0,60.0,0.0,2017-18,hand-off
14,Chris Paul,HOU,15.0,1.0,4.9,1.13,1.1,0.5,0.9,57.1,60.7,0.0,7.0,0.0,0.0,53.0,90.9,2017-18,hand-off
15,Eric Gordon,HOU,17.0,1.2,7.4,0.9,1.1,0.4,1.1,38.9,50.0,0.0,10.0,0.0,0.0,35.0,65.0,2017-18,hand-off
16,Nikola Mirotic,NOP,9.0,0.9,6.7,1.13,1.0,0.2,0.6,40.0,60.0,25.0,12.0,0.0,0.0,50.0,0.0,2017-18,hand-off
17,Patty Mills,SAS,5.0,0.6,4.5,1.67,1.0,0.4,0.6,66.7,83.3,0.0,0.0,0.0,0.0,67.0,0.0,2017-18,hand-off
18,Rudy Gay,SAS,5.0,0.4,2.7,2.5,1.0,0.4,0.4,100.0,125.0,0.0,0.0,0.0,0.0,100.0,0.0,2017-18,hand-off
19,Jordan Crawford,NOP,2.0,0.5,6.3,2.0,1.0,0.5,0.5,100.0,100.0,0.0,0.0,0.0,0.0,100.0,0.0,2017-18,hand-off
20,Maurice Harkless,POR,2.0,1.0,14.3,1.0,1.0,0.5,1.0,50.0,50.0,0.0,0.0,0.0,0.0,50.0,0.0,2017-18,hand-off
21,Otto Porter Jr.,WAS,5.0,0.8,8.5,1.25,1.0,0.4,0.6,66.7,66.7,25.0,0.0,25.0,0.0,75.0,0.0,2017-18,hand-off
22,Damian Lillard,POR,4.0,1.8,7.5,0.57,1.0,0.3,1.3,20.0,20.0,14.0,14.0,14.0,0.0,29.0,0.0,2017-18,hand-off
23,Anthony Davis,NOP,9.0,0.9,3.1,1.13,1.0,0.2,0.7,33.3,41.7,25.0,0.0,25.0,0.0,50.0,0.0,2017-18,hand-off
24,Jaylen Brown,BOS,18.0,1.3,7.4,0.78,1.0,0.4,1.0,44.4,50.0,0.0,22.0,0.0,0.0,35.0,45.5,2017-18,hand-off
25,Terry Rozier,BOS,19.0,0.8,5.1,1.06,0.9,0.3,0.7,46.2,57.7,6.0,6.0,12.0,0.0,44.0,81.8,2017-18,hand-off
26,Dwyane Wade,MIA,5.0,1.0,5.4,0.8,0.8,0.2,0.8,25.0,25.0,40.0,0.0,40.0,20.0,40.0,0.0,2017-18,hand-off
27,Robert Covington,PHI,10.0,1.3,13.0,0.62,0.8,0.2,1.0,20.0,25.0,8.0,15.0,8.0,0.0,23.0,18.2,2017-18,hand-off
28,Jimmy Butler,MIN,5.0,0.6,4.0,1.33,0.8,0.4,0.6,66.7,66.7,0.0,0.0,0.0,0.0,67.0,0.0,2017-18,hand-off
29,Jae Crowder,UTA,11.0,0.6,5.1,1.29,0.8,0.3,0.6,42.9,64.3,0.0,0.0,0.0,0.0,43.0,0.0,2017-18,hand-off
30,Markelle Fultz,PHI,3.0,0.3,10.0,2.0,0.7,0.0,0.0,0.0,0.0,100.0,0.0,100.0,0.0,100.0,0.0,2017-18,hand-off
31,Ricky Rubio,UTA,6.0,0.8,4.6,0.8,0.7,0.2,0.7,25.0,25.0,20.0,0.0,20.0,0.0,40.0,0.0,2017-18,hand-off
32,Marcus Smart,BOS,15.0,0.7,5.6,0.91,0.7,0.2,0.5,37.5,43.8,18.0,9.0,9.0,0.0,45.0,72.7,2017-18,hand-off
33,Eric Bledsoe,MIL,7.0,0.9,5.6,0.83,0.7,0.3,0.7,40.0,50.0,0.0,0.0,17.0,0.0,33.0,0.0,2017-18,hand-off
34,Jayson Tatum,BOS,19.0,1.0,5.5,0.74,0.7,0.4,0.9,38.9,38.9,5.0,5.0,5.0,5.0,37.0,40.9,2017-18,hand-off
35,Darren Collison,IND,7.0,0.3,2.4,2.5,0.7,0.3,0.3,100.0,125.0,0.0,0.0,0.0,0.0,100.0,0.0,2017-18,hand-off
36,Malcolm Brogdon,MIL,7.0,0.6,5.6,1.0,0.6,0.3,0.6,50.0,50.0,0.0,0.0,0.0,0.0,50.0,0.0,2017-18,hand-off
37,Kelly Olynyk,MIA,5.0,0.6,5.0,1.0,0.6,0.2,0.6,33.3,50.0,0.0,0.0,0.0,0.0,33.0,0.0,2017-18,hand-off
38,Goran Dragic,MIA,5.0,1.4,6.9,0.43,0.6,0.2,1.0,20.0,30.0,0.0,29.0,0.0,0.0,14.0,0.0,2017-18,hand-off
39,Klay Thompson,GSW,21.0,0.9,4.7,0.72,0.6,0.3,0.9,33.3,36.1,0.0,0.0,0.0,0.0,33.0,36.4,2017-18,hand-off
40,Kevin Durant,GSW,21.0,1.0,3.8,0.62,0.6,0.3,1.0,30.0,32.5,0.0,5.0,0.0,0.0,29.0,22.7,2017-18,hand-off
41,Kyle Lowry,TOR,10.0,0.9,5.6,0.67,0.6,0.2,0.8,25.0,37.5,0.0,11.0,0.0,0.0,22.0,0.0,2017-18,hand-off
42,Trevor Ariza,HOU,17.0,0.4,3.7,1.83,0.6,0.2,0.4,66.7,91.7,0.0,0.0,0.0,0.0,67.0,0.0,2017-18,hand-off
43,Dario Saric,PHI,10.0,0.6,3.4,1.0,0.6,0.3,0.6,50.0,50.0,0.0,0.0,0.0,0.0,50.0,0.0,2017-18,hand-off
44,CJ Miles,TOR,10.0,0.4,4.7,1.5,0.6,0.2,0.4,50.0,75.0,0.0,0.0,0.0,0.0,50.0,0.0,2017-18,hand-off
45,Royce O'Neale,UTA,11.0,0.4,4.9,1.25,0.5,0.2,0.3,66.7,83.3,0.0,25.0,0.0,0.0,50.0,0.0,2017-18,hand-off
46,CJ McCollum,POR,4.0,0.8,3.3,0.67,0.5,0.3,0.8,33.3,33.3,33.0,0.0,33.0,33.0,33.0,0.0,2017-18,hand-off
47,Rodney Hood,CLE,17.0,0.8,12.7,0.64,0.5,0.2,0.8,30.8,34.6,0.0,7.0,0.0,0.0,29.0,27.3,2017-18,hand-off
48,Kyle Korver,CLE,22.0,0.9,11.7,0.53,0.5,0.2,0.7,25.0,28.1,5.0,16.0,5.0,5.0,21.0,13.6,2017-18,hand-off
49,Quinn Cook,GSW,17.0,0.4,7.6,1.33,0.5,0.2,0.4,50.0,66.7,0.0,0.0,0.0,0.0,50.0,0.0,2017-18,hand-off
50,Dante Exum,UTA,10.0,0.2,3.3,2.0,0.4,0.1,0.1,100.0,100.0,50.0,0.0,0.0,0.0,100.0,0.0,2017-18,hand-off
51,Gerald Green,HOU,17.0,0.2,3.7,1.75,0.4,0.2,0.2,75.0,87.5,0.0,0.0,0.0,0.0,75.0,0.0,2017-18,hand-off
52,DeMar DeRozan,TOR,10.0,0.7,2.9,0.57,0.4,0.2,0.7,28.6,28.6,0.0,0.0,0.0,0.0,29.0,0.0,2017-18,hand-off
53,E'Twaun Moore,NOP,9.0,0.6,4.8,0.8,0.4,0.2,0.6,40.0,40.0,0.0,0.0,0.0,0.0,40.0,0.0,2017-18,hand-off
54,Joe Ingles,UTA,11.0,0.9,6.5,0.4,0.4,0.2,0.7,25.0,25.0,0.0,20.0,0.0,0.0,20.0,0.0,2017-18,hand-off
55,James Johnson,MIA,5.0,0.4,3.4,1.0,0.4,0.2,0.4,50.0,50.0,0.0,0.0,0.0,0.0,50.0,0.0,2017-18,hand-off
56,LaMarcus Aldridge,SAS,5.0,0.2,0.9,2.0,0.4,0.0,0.0,0.0,0.0,100.0,0.0,100.0,0.0,100.0,0.0,2017-18,hand-off
57,Derrick Rose,MIN,5.0,0.4,2.9,1.0,0.4,0.2,0.4,50.0,50.0,0.0,0.0,0.0,0.0,50.0,0.0,2017-18,hand-off
58,Ty Lawson,WAS,5.0,0.2,3.1,2.0,0.4,0.2,0.2,100.0,100.0,0.0,0.0,0.0,0.0,100.0,0.0,2017-18,hand-off
59,Victor Oladipo,IND,7.0,0.9,3.5,0.5,0.4,0.1,0.7,20.0,30.0,0.0,17.0,0.0,0.0,17.0,0.0,2017-18,hand-off
60,Jabari Parker,MIL,7.0,0.7,6.8,0.4,0.3,0.1,0.6,25.0,25.0,0.0,20.0,0.0,0.0,20.0,0.0,2017-18,hand-off
61,Norman Powell,TOR,6.0,0.3,11.8,1.0,0.3,0.2,0.3,50.0,50.0,0.0,0.0,0.0,0.0,50.0,0.0,2017-18,hand-off
62,Matthew Dellavedova,MIL,6.0,0.2,5.3,2.0,0.3,0.2,0.2,100.0,100.0,0.0,0.0,0.0,0.0,100.0,0.0,2017-18,hand-off
63,Nick Young,GSW,20.0,0.2,6.9,1.25,0.3,0.1,0.2,33.3,50.0,25.0,0.0,25.0,0.0,50.0,0.0,2017-18,hand-off
64,George Hill,CLE,19.0,0.1,1.1,2.5,0.3,0.1,0.1,100.0,125.0,0.0,0.0,0.0,0.0,100.0,0.0,2017-18,hand-off
65,Rajon Rondo,NOP,9.0,0.2,1.5,1.5,0.3,0.1,0.1,100.0,150.0,0.0,50.0,0.0,0.0,50.0,0.0,2017-18,hand-off
66,Serge Ibaka,TOR,10.0,0.1,1.0,3.0,0.3,0.1,0.1,100.0,150.0,0.0,0.0,0.0,0.0,100.0,0.0,2017-18,hand-off
67,Jrue Holiday,NOP,9.0,0.9,3.9,0.25,0.2,0.1,0.7,16.7,16.7,0.0,25.0,0.0,0.0,12.0,0.0,2017-18,hand-off
68,Jordan Clarkson,CLE,19.0,0.5,7.2,0.4,0.2,0.1,0.4,28.6,28.6,0.0,30.0,0.0,0.0,20.0,0.0,2017-18,hand-off
69,Shaun Livingston,GSW,21.0,0.1,2.2,1.33,0.2,0.1,0.1,66.7,66.7,0.0,0.0,0.0,0.0,67.0,0.0,2017-18,hand-off
70,Jose Calderon,CLE,13.0,0.1,3.1,2.0,0.2,0.1,0.1,100.0,100.0,0.0,0.0,0.0,0.0,100.0,0.0,2017-18,hand-off
71,LeBron James,CLE,22.0,0.1,0.4,1.33,0.2,0.1,0.1,66.7,66.7,0.0,0.0,0.0,0.0,67.0,0.0,2017-18,hand-off
72,Manu Ginobili,SAS,5.0,0.6,6.1,0.33,0.2,0.0,0.2,0.0,0.0,33.0,33.0,33.0,0.0,33.0,0.0,2017-18,hand-off
73,Pascal Siakam,TOR,10.0,0.1,1.8,2.0,0.2,0.0,0.0,0.0,0.0,100.0,0.0,100.0,0.0,100.0,0.0,2017-18,hand-off
74,Larry Nance Jr.,CLE,20.0,0.1,1.1,2.0,0.1,0.1,0.1,100.0,100.0,0.0,0.0,0.0,0.0,100.0,0.0,2017-18,hand-off
75,Draymond Green,GSW,21.0,0.1,0.7,1.5,0.1,0.0,0.1,50.0,75.0,0.0,0.0,0.0,0.0,50.0,0.0,2017-18,hand-off
76,Tony Snell,MIL,7.0,0.1,3.7,0.0,0.0,0.0,0.1,0.0,0.0,0.0,0.0,0.0,0.0,0.0,0.0,2017-18,hand-off
77,Andrew Wiggins,MIN,5.0,0.2,1.2,0.0,0.0,0.0,0.2,0.0,0.0,0.0,0.0,0.0,0.0,0.0,0.0,2017-18,hand-off
78,Alex Abrines,OKC,6.0,0.3,9.1,0.0,0.0,0.0,0.2,0.0,0.0,0.0,50.0,0.0,0.0,0.0,0.0,2017-18,hand-off
79,Evan Turner,POR,3.0,0.7,5.0,0.0,0.0,0.0,0.7,0.0,0.0,0.0,0.0,0.0,0.0,0.0,0.0,2017-18,hand-off
80,Ian Clark,NOP,9.0,0.2,2.6,0.0,0.0,0.0,0.2,0.0,0.0,0.0,0.0,0.0,0.0,0.0,0.0,2017-18,hand-off
81,Danny Green,SAS,5.0,0.4,6.3,0.0,0.0,0.0,0.2,0.0,0.0,0.0,50.0,0.0,0.0,0.0,0.0,2017-18,hand-off
82,Ben Simmons,PHI,10.0,0.4,2.0,0.0,0.0,0.0,0.4,0.0,0.0,0.0,0.0,0.0,0.0,0.0,0.0,2017-18,hand-off
83,Delon Wright,TOR,10.0,0.2,2.4,0.0,0.0,0.0,0.1,0.0,0.0,0.0,50.0,0.0,0.0,0.0,0.0,2017-18,hand-off
84,Kelly Oubre Jr.,WAS,6.0,0.3,3.3,0.0,0.0,0.0,0.3,0.0,0.0,0.0,0.0,0.0,0.0,0.0,0.0,2017-18,hand-off
85,Shane Larkin,BOS,11.0,0.3,7.0,0.0,0.0,0.0,0.2,0.0,0.0,0.0,33.0,0.0,0.0,0.0,0.0,2017-18,hand-off
86,Semi Ojeleye,BOS,17.0,0.2,8.1,0.0,0.0,0.0,0.2,0.0,0.0,0.0,0.0,0.0,0.0,0.0,0.0,2017-18,hand-off
87,Joel Embiid,PHI,8.0,0.5,2.1,0.0,0.0,0.0,0.5,0.0,0.0,0.0,0.0,0.0,0.0,0.0,0.0,2017-18,hand-off
88,Cory Joseph,IND,7.0,0.1,2.5,0.0,0.0,0.0,0.1,0.0,0.0,0.0,0.0,0.0,0.0,0.0,0.0,2017-18,hand-off
89,John Wall,WAS,6.0,0.2,0.6,0.0,0.0,0.0,0.0,0.0,0.0,0.0,100.0,0.0,0.0,0.0,0.0,2017-18,hand-off
90,Justise Winslow,MIA,5.0,0.2,1.7,0.0,0.0,0.0,0.2,0.0,0.0,0.0,0.0,0.0,0.0,0.0,0.0,2017-18,hand-off
91,Tomas Satoransky,WAS,6.0,0.2,5.6,0.0,0.0,0.0,0.2,0.0,0.0,0.0,0.0,0.0,0.0,0.0,0.0,2017-18,hand-off
92,Jonas Jerebko,UTA,10.0,0.1,4.8,0.0,0.0,0.0,0.1,0.0,0.0,0.0,0.0,0.0,0.0,0.0,0.0,2017-18,hand-off
93,Tyus Jones,MIN,4.0,0.3,12.5,0.0,0.0,0.0,0.3,0.0,0.0,0.0,0.0,0.0,0.0,0.0,0.0,2017-18,hand-off
94,Luc Mbah a Moute,HOU,9.0,0.1,2.2,0.0,0.0,0.0,0.1,0.0,0.0,0.0,0.0,0.0,0.0,0.0,0.0,2017-18,hand-off
95,Kevin Love,CLE,21.0,0.0,0.3,0.0,0.0,0.0,0.0,0.0,0.0,0.0,0.0,0.0,0.0,0.0,0.0,2017-18,hand-off
96,Tony Parker,SAS,5.0,0.2,2.3,0.0,0.0,0.0,0.2,0.0,0.0,0.0,0.0,0.0,0.0,0.0,0.0,2017-18,hand-off
97,OG Anunoby,TOR,10.0,0.1,1.6,0.0,0.0,0.0,0.0,0.0,0.0,0.0,100.0,0.0,0.0,0.0,0.0,2017-18,hand-off
98,Andre Iguodala,GSW,15.0,0.1,0.9,0.0,0.0,0.0,0.0,0.0,0.0,100.0,0.0,100.0,0.0,0.0,0.0,2017-18,hand-off
99,David Stockton,UTA,2.0,0.5,33.3,0.0,0.0,0.0,0.5,0.0,0.0,0.0,0.0,0.0,0.0,0.0,0.0,2017-18,hand-off
100,Solomon Hill,NOP,9.0,0.1,2.8,0.0,0.0,0.0,0.1,0.0,0.0,0.0,0.0,0.0,0.0,0.0,0.0,2017-18,hand-off
101,Carmelo Anthony,OKC,6.0,0.2,1.2,0.0,0.0,0.0,0.2,0.0,0.0,0.0,0.0,0.0,0.0,0.0,0.0,2017-18,hand-off
102,Bryn Forbes,SAS,4.0,0.3,5.3,0.0,0.0,0.0,0.0,0.0,0.0,100.0,0.0,100.0,0.0,0.0,0.0,2017-18,hand-off
103,Giannis Antetokounmpo,MIL,7.0,0.1,0.6,0.0,0.0,0.0,0.1,0.0,0.0,0.0,0.0,0.0,0.0,0.0,0.0,2017-18,hand-off
104,JR Smith,CLE,22.0,0.3,3.3,0.0,0.0,0.0,0.3,0.0,0.0,0.0,14.0,0.0,0.0,0.0,0.0,2017-18,hand-off
0,JJ Redick,PHI,12.0,3.7,28.8,0.73,2.7,0.9,3.2,28.9,38.2,4.5,11.0,4.5,2.0,27.3,28.0,2018-19,hand-off
1,CJ McCollum,POR,16.0,2.5,9.9,1.05,2.6,1.0,2.2,45.7,52.9,7.5,5.0,7.5,0.0,47.5,76.9,2018-19,hand-off
2,Jamal Murray,DEN,14.0,3.2,15.0,0.82,2.6,1.1,2.7,39.5,42.1,6.7,9.0,8.9,2.0,37.8,50.0,2018-19,hand-off
3,Luke Kennard,DET,4.0,2.0,15.4,1.25,2.5,1.0,1.8,57.1,64.3,12.5,12.0,12.5,12.0,50.0,0.0,2018-19,hand-off
4,Gary Harris,DEN,14.0,3.2,24.5,0.76,2.4,0.9,2.9,31.7,35.4,6.7,4.0,4.4,2.0,33.3,38.5,2018-19,hand-off
5,Lou Williams,LAC,6.0,1.8,7.8,1.27,2.3,0.7,1.2,57.1,71.4,18.2,18.0,18.2,0.0,54.5,92.3,2018-19,hand-off
6,Damian Lillard,POR,16.0,2.6,9.3,0.83,2.1,0.6,1.9,29.0,37.1,19.5,15.0,12.2,10.0,31.7,53.8,2018-19,hand-off
7,D'Angelo Russell,BKN,5.0,2.2,9.2,0.82,1.8,0.8,2.0,40.0,45.0,0.0,9.0,0.0,0.0,36.4,44.0,2018-19,hand-off
8,Caris LeVert,BKN,5.0,1.2,6.3,1.5,1.8,0.6,1.0,60.0,70.0,16.7,0.0,16.7,0.0,66.7,0.0,2018-19,hand-off
9,Shai Gilgeous-Alexander,LAC,6.0,0.8,6.7,2.0,1.7,0.5,0.7,75.0,100.0,20.0,0.0,20.0,0.0,80.0,0.0,2018-19,hand-off
10,Kevin Durant,GSW,12.0,1.2,4.2,1.36,1.6,0.4,0.8,50.0,50.0,28.6,0.0,28.6,0.0,64.3,96.2,2018-19,hand-off
11,Russell Westbrook,OKC,5.0,1.2,4.1,1.33,1.6,0.6,1.2,50.0,66.7,0.0,0.0,0.0,0.0,50.0,0.0,2018-19,hand-off
12,Wayne Ellington,DET,4.0,2.3,23.7,0.67,1.5,0.5,2.3,22.2,33.3,0.0,0.0,0.0,0.0,22.2,0.0,2018-19,hand-off
13,Furkan Korkmaz,PHI,4.0,1.0,19.0,1.5,1.5,0.5,0.8,66.7,66.7,25.0,0.0,0.0,0.0,75.0,0.0,2018-19,hand-off
14,Cory Joseph,IND,4.0,0.8,12.0,2.0,1.5,0.5,0.5,100.0,100.0,33.3,0.0,33.3,0.0,100.0,0.0,2018-19,hand-off
15,Danilo Gallinari,LAC,6.0,0.8,3.7,1.8,1.5,0.5,0.7,75.0,87.5,20.0,0.0,20.0,0.0,80.0,0.0,2018-19,hand-off
16,Bojan Bogdanovic,IND,4.0,1.5,8.1,1.0,1.5,0.5,1.5,33.3,41.7,16.7,0.0,16.7,17.0,33.3,0.0,2018-19,hand-off
17,Klay Thompson,GSW,21.0,1.7,8.7,0.83,1.4,0.6,1.4,41.4,46.6,2.8,17.0,2.8,0.0,36.1,57.7,2018-19,hand-off
18,Doug McDermott,IND,3.0,1.3,36.4,1.0,1.3,0.3,1.0,33.3,33.3,50.0,0.0,25.0,25.0,50.0,0.0,2018-19,hand-off
19,Bruce Brown,DET,4.0,0.5,11.1,2.5,1.3,0.5,0.5,100.0,125.0,0.0,0.0,0.0,0.0,100.0,0.0,2018-19,hand-off
20,Stephen Curry,GSW,22.0,1.2,4.6,1.08,1.3,0.4,0.9,45.0,52.5,11.5,12.0,7.7,0.0,46.2,80.8,2018-19,hand-off
21,Jimmy Butler,PHI,12.0,1.3,7.1,0.94,1.3,0.5,1.3,40.0,43.3,6.3,0.0,6.3,0.0,43.8,65.4,2018-19,hand-off
22,Rodney Hood,POR,16.0,0.7,8.0,1.91,1.3,0.5,0.6,80.0,95.0,18.2,0.0,9.1,9.0,81.8,100.0,2018-19,hand-off
23,Ricky Rubio,UTA,5.0,2.0,10.9,0.6,1.2,0.6,1.2,50.0,50.0,0.0,40.0,0.0,0.0,30.0,19.2,2018-19,hand-off
24,Marcus Morris Sr.,BOS,9.0,0.9,8.0,1.38,1.2,0.6,0.9,62.5,68.8,0.0,0.0,0.0,0.0,62.5,0.0,2018-19,hand-off
25,Kawhi Leonard,TOR,24.0,1.1,4.1,0.96,1.1,0.3,0.9,36.4,40.9,18.5,4.0,18.5,4.0,44.4,69.2,2018-19,hand-off
26,Kyle Lowry,TOR,24.0,0.9,6.0,1.18,1.1,0.4,0.7,56.3,65.6,22.7,9.0,22.7,5.0,59.1,88.5,2018-19,hand-off
27,Eric Gordon,HOU,11.0,1.2,7.0,0.92,1.1,0.5,0.8,55.6,66.7,0.0,31.0,0.0,0.0,38.5,61.5,2018-19,hand-off
28,Donovan Mitchell,UTA,5.0,3.0,10.1,0.33,1.0,0.2,1.8,11.1,11.1,13.3,27.0,13.3,0.0,20.0,3.8,2018-19,hand-off
29,Darren Collison,IND,4.0,1.5,10.3,0.67,1.0,0.5,1.3,40.0,40.0,0.0,17.0,0.0,0.0,33.3,0.0,2018-19,hand-off
30,Marco Belinelli,SAS,7.0,1.0,16.7,1.0,1.0,0.4,1.0,42.9,50.0,0.0,0.0,0.0,0.0,42.9,0.0,2018-19,hand-off
31,Tyreke Evans,IND,4.0,1.3,8.3,0.8,1.0,0.3,1.0,25.0,37.5,20.0,0.0,20.0,0.0,40.0,0.0,2018-19,hand-off
32,Wes Iwundu,ORL,5.0,0.4,8.3,2.5,1.0,0.2,0.2,100.0,150.0,50.0,0.0,50.0,0.0,100.0,0.0,2018-19,hand-off
33,Will Barton,DEN,14.0,1.0,8.7,1.0,1.0,0.4,0.9,38.5,50.0,7.1,0.0,7.1,0.0,42.9,73.1,2018-19,hand-off
34,Derrick White,SAS,7.0,1.0,6.9,0.86,0.9,0.4,0.9,50.0,50.0,0.0,14.0,0.0,0.0,42.9,0.0,2018-19,hand-off
35,Khris Middleton,MIL,15.0,0.8,4.8,1.17,0.9,0.3,0.7,40.0,55.0,16.7,8.0,8.3,8.0,41.7,84.6,2018-19,hand-off
36,James Harden,HOU,11.0,1.5,4.5,0.63,0.9,0.2,0.8,22.2,33.3,12.5,31.0,12.5,0.0,25.0,23.1,2018-19,hand-off
37,Kyrie Irving,BOS,9.0,1.4,5.8,0.54,0.8,0.2,1.2,18.2,22.7,7.7,8.0,7.7,0.0,23.1,15.4,2018-19,hand-off
38,Tobias Harris,PHI,12.0,1.0,6.1,0.75,0.8,0.3,0.8,40.0,45.0,0.0,17.0,0.0,0.0,33.3,34.6,2018-19,hand-off
39,Patrick Beverley,LAC,6.0,1.2,11.7,0.71,0.8,0.3,1.0,33.3,41.7,0.0,14.0,0.0,0.0,28.6,0.0,2018-19,hand-off
40,Davis Bertans,SAS,5.0,0.4,11.1,2.0,0.8,0.4,0.4,100.0,100.0,0.0,0.0,0.0,0.0,100.0,0.0,2018-19,hand-off
41,Evan Fournier,ORL,5.0,1.0,5.9,0.8,0.8,0.2,0.6,33.3,33.3,20.0,20.0,0.0,0.0,40.0,0.0,2018-19,hand-off
42,Wesley Matthews,IND,4.0,1.0,10.3,0.75,0.8,0.3,1.0,25.0,37.5,0.0,0.0,0.0,0.0,25.0,0.0,2018-19,hand-off
43,Jerian Grant,ORL,3.0,0.3,9.1,2.0,0.7,0.3,0.3,100.0,100.0,0.0,0.0,0.0,0.0,100.0,0.0,2018-19,hand-off
44,DeMar DeRozan,SAS,7.0,0.4,2.0,1.33,0.6,0.1,0.3,50.0,50.0,33.3,0.0,33.3,0.0,66.7,0.0,2018-19,hand-off
45,Monte Morris,DEN,14.0,0.8,11.3,0.82,0.6,0.3,0.7,40.0,40.0,9.1,9.0,9.1,9.0,36.4,44.0,2018-19,hand-off
46,Jayson Tatum,BOS,9.0,1.0,6.1,0.56,0.6,0.2,0.9,25.0,31.3,0.0,11.0,0.0,0.0,22.2,0.0,2018-19,hand-off
47,Bryn Forbes,SAS,7.0,0.7,7.9,0.8,0.6,0.1,0.6,25.0,37.5,20.0,0.0,20.0,0.0,40.0,0.0,2018-19,hand-off
48,Jae Crowder,UTA,5.0,0.2,1.8,3.0,0.6,0.2,0.2,100.0,150.0,0.0,0.0,0.0,0.0,100.0,0.0,2018-19,hand-off
49,Malik Beasley,DEN,14.0,1.4,17.0,0.47,0.6,0.2,1.2,17.6,20.6,10.5,0.0,10.5,0.0,26.3,11.5,2018-19,hand-off
50,Joe Ingles,UTA,5.0,0.6,6.7,1.0,0.6,0.2,0.6,33.3,50.0,0.0,0.0,0.0,0.0,33.3,0.0,2018-19,hand-off
51,Chris Paul,HOU,11.0,1.3,6.7,0.36,0.5,0.2,1.0,18.2,22.7,7.1,14.0,0.0,0.0,14.3,7.7,2018-19,hand-off
52,Wilson Chandler,LAC,4.0,0.3,4.8,2.0,0.5,0.3,0.3,100.0,100.0,0.0,0.0,0.0,0.0,100.0,0.0,2018-19,hand-off
53,Blake Griffin,DET,4.0,0.5,4.3,1.0,0.5,0.3,0.5,50.0,50.0,0.0,0.0,0.0,0.0,50.0,0.0,2018-19,hand-off
54,Kyle Korver,UTA,4.0,0.5,20.0,1.0,0.5,0.0,0.3,0.0,0.0,50.0,0.0,50.0,0.0,50.0,0.0,2018-19,hand-off
55,Reggie Jackson,DET,4.0,0.8,4.1,0.67,0.5,0.3,0.8,33.3,33.3,0.0,0.0,0.0,0.0,33.3,0.0,2018-19,hand-off
56,Grayson Allen,UTA,2.0,0.5,10.0,1.0,0.5,0.0,0.0,0.0,0.0,100.0,0.0,100.0,0.0,100.0,0.0,2018-19,hand-off
57,Sterling Brown,MIL,11.0,0.4,7.8,1.25,0.5,0.1,0.3,33.3,50.0,25.0,0.0,0.0,0.0,50.0,0.0,2018-19,hand-off
58,Austin Rivers,HOU,10.0,0.4,5.6,1.25,0.5,0.2,0.4,50.0,62.5,0.0,0.0,0.0,0.0,50.0,0.0,2018-19,hand-off
59,Seth Curry,POR,16.0,0.7,11.7,0.73,0.5,0.2,0.6,33.3,44.4,0.0,18.0,0.0,0.0,27.3,28.0,2018-19,hand-off
60,Pascal Siakam,TOR,24.0,0.3,1.3,2.0,0.5,0.2,0.2,100.0,100.0,33.3,0.0,33.3,0.0,100.0,0.0,2018-19,hand-off
61,James Ennis III,PHI,11.0,0.4,4.8,1.0,0.4,0.1,0.1,100.0,150.0,25.0,50.0,25.0,0.0,50.0,0.0,2018-19,hand-off
62,Jaylen Brown,BOS,9.0,0.6,4.3,0.8,0.4,0.2,0.6,40.0,40.0,0.0,0.0,0.0,0.0,40.0,0.0,2018-19,hand-off
63,Royce O'Neale,UTA,5.0,0.2,1.8,2.0,0.4,0.0,0.0,0.0,0.0,100.0,0.0,100.0,0.0,100.0,0.0,2018-19,hand-off
64,Paul George,OKC,5.0,1.0,3.5,0.4,0.4,0.2,1.0,20.0,20.0,0.0,0.0,0.0,0.0,20.0,0.0,2018-19,hand-off
65,Terrence Ross,ORL,5.0,0.4,2.8,1.0,0.4,0.0,0.2,0.0,0.0,50.0,0.0,50.0,0.0,50.0,0.0,2018-19,hand-off
66,Ersan Ilyasova,MIL,15.0,0.1,2.0,3.0,0.4,0.1,0.1,100.0,150.0,0.0,0.0,0.0,0.0,100.0,0.0,2018-19,hand-off
67,Brook Lopez,MIL,15.0,0.4,3.8,1.0,0.4,0.1,0.4,33.3,41.7,16.7,0.0,16.7,17.0,33.3,0.0,2018-19,hand-off
68,Nikola Mirotic,MIL,14.0,0.6,6.3,0.67,0.4,0.1,0.5,14.3,21.4,11.1,11.0,11.1,0.0,22.2,0.0,2018-19,hand-off
69,Dennis Schroder,OKC,5.0,0.4,2.9,1.0,0.4,0.2,0.4,50.0,50.0,0.0,0.0,0.0,0.0,50.0,0.0,2018-19,hand-off
70,Michael Carter-Williams,ORL,5.0,0.4,4.8,1.0,0.4,0.2,0.4,50.0,50.0,0.0,0.0,0.0,0.0,50.0,0.0,2018-19,hand-off
71,Aaron Gordon,ORL,5.0,0.8,4.8,0.5,0.4,0.2,0.8,25.0,25.0,0.0,0.0,0.0,0.0,25.0,0.0,2018-19,hand-off
72,Patty Mills,SAS,7.0,0.3,4.0,1.5,0.4,0.0,0.1,0.0,0.0,50.0,0.0,50.0,0.0,50.0,0.0,2018-19,hand-off
73,Malcolm Brogdon,MIL,7.0,0.7,5.4,0.4,0.3,0.1,0.6,25.0,25.0,0.0,20.0,0.0,0.0,20.0,0.0,2018-19,hand-off
74,Giannis Antetokounmpo,MIL,15.0,0.4,1.6,0.83,0.3,0.1,0.3,40.0,50.0,0.0,17.0,0.0,0.0,33.3,0.0,2018-19,hand-off
75,George Hill,MIL,15.0,0.3,2.9,1.25,0.3,0.1,0.3,50.0,62.5,0.0,0.0,0.0,0.0,50.0,0.0,2018-19,hand-off
76,Norman Powell,TOR,23.0,0.3,4.1,1.0,0.3,0.0,0.1,33.3,50.0,33.3,17.0,33.3,0.0,50.0,0.0,2018-19,hand-off
77,Ben Simmons,PHI,12.0,0.1,0.6,2.0,0.2,0.1,0.1,100.0,100.0,0.0,0.0,0.0,0.0,100.0,0.0,2018-19,hand-off
78,Pat Connaughton,MIL,15.0,0.1,2.3,1.5,0.2,0.1,0.1,100.0,150.0,0.0,50.0,0.0,0.0,50.0,0.0,2018-19,hand-off
79,Paul Millsap,DEN,14.0,0.1,1.0,1.5,0.2,0.1,0.1,50.0,75.0,0.0,0.0,0.0,0.0,50.0,0.0,2018-19,hand-off
80,Gordon Hayward,BOS,9.0,1.1,10.8,0.2,0.2,0.1,1.0,11.1,11.1,0.0,10.0,0.0,0.0,10.0,0.0,2018-19,hand-off
81,Fred VanVleet,TOR,24.0,0.2,2.5,1.0,0.2,0.1,0.2,40.0,50.0,0.0,0.0,0.0,0.0,40.0,0.0,2018-19,hand-off
82,Jodie Meeks,TOR,14.0,0.1,6.1,1.5,0.2,0.1,0.1,100.0,100.0,50.0,0.0,50.0,0.0,100.0,0.0,2018-19,hand-off
83,Quinn Cook,GSW,17.0,0.5,11.7,0.44,0.2,0.1,0.5,22.2,22.2,0.0,0.0,0.0,0.0,22.2,0.0,2018-19,hand-off
84,Marc Gasol,TOR,24.0,0.0,0.4,3.0,0.1,0.0,0.0,100.0,150.0,0.0,0.0,0.0,0.0,100.0,0.0,2018-19,hand-off
85,Danny Green,TOR,24.0,0.1,1.6,1.0,0.1,0.0,0.1,50.0,75.0,0.0,33.0,0.0,0.0,33.3,0.0,2018-19,hand-off
86,Kevon Looney,GSW,21.0,0.0,0.8,2.0,0.1,0.0,0.0,100.0,100.0,0.0,0.0,0.0,0.0,100.0,0.0,2018-19,hand-off
87,Terry Rozier,BOS,9.0,0.2,2.6,0.5,0.1,0.0,0.1,0.0,0.0,50.0,0.0,50.0,0.0,50.0,0.0,2018-19,hand-off
88,Nikola Vucevic,ORL,5.0,0.4,2.6,0.0,0.0,0.0,0.4,0.0,0.0,0.0,0.0,0.0,0.0,0.0,0.0,2018-19,hand-off
89,Jonathan Isaac,ORL,5.0,0.2,2.1,0.0,0.0,0.0,0.0,0.0,0.0,0.0,100.0,0.0,0.0,0.0,0.0,2018-19,hand-off
90,Lonnie Walker IV,SAS,6.0,0.2,11.1,0.0,0.0,0.0,0.2,0.0,0.0,0.0,0.0,0.0,0.0,0.0,0.0,2018-19,hand-off
91,Tim Frazier,MIL,11.0,0.1,5.9,0.0,0.0,0.0,0.0,0.0,0.0,0.0,100.0,0.0,0.0,0.0,0.0,2018-19,hand-off
92,Boban Marjanovic,PHI,11.0,0.1,1.6,0.0,0.0,0.0,0.1,0.0,0.0,0.0,0.0,0.0,0.0,0.0,0.0,2018-19,hand-off
93,Rudy Gay,SAS,7.0,0.3,2.3,0.0,0.0,0.0,0.3,0.0,0.0,0.0,0.0,0.0,0.0,0.0,0.0,2018-19,hand-off
94,T.J. McConnell,PHI,9.0,0.2,7.1,0.0,0.0,0.0,0.2,0.0,0.0,0.0,0.0,0.0,0.0,0.0,0.0,2018-19,hand-off
95,DeMarre Carroll,BKN,5.0,0.4,4.4,0.0,0.0,0.0,0.4,0.0,0.0,0.0,0.0,0.0,0.0,0.0,0.0,2018-19,hand-off
96,Landry Shamet,LAC,6.0,0.8,10.2,0.0,0.0,0.0,0.8,0.0,0.0,0.0,0.0,0.0,0.0,0.0,0.0,2018-19,hand-off
97,Jonathon Simmons,PHI,7.0,0.3,5.3,0.0,0.0,0.0,0.3,0.0,0.0,0.0,0.0,0.0,0.0,0.0,0.0,2018-19,hand-off
98,Mike Scott,PHI,10.0,0.1,1.8,0.0,0.0,0.0,0.0,0.0,0.0,0.0,100.0,0.0,0.0,0.0,0.0,2018-19,hand-off
99,Andre Iguodala,GSW,21.0,0.1,1.0,0.0,0.0,0.0,0.0,0.0,0.0,0.0,50.0,0.0,0.0,0.0,0.0,2018-19,hand-off
100,Marcus Smart,BOS,2.0,1.0,11.8,0.0,0.0,0.0,1.0,0.0,0.0,0.0,0.0,0.0,0.0,0.0,0.0,2018-19,hand-off
101,Gerald Green,HOU,11.0,0.3,6.7,0.0,0.0,0.0,0.3,0.0,0.0,0.0,0.0,0.0,0.0,0.0,0.0,2018-19,hand-off
102,Torrey Craig,DEN,14.0,0.2,3.7,0.0,0.0,0.0,0.2,0.0,0.0,0.0,0.0,0.0,0.0,0.0,0.0,2018-19,hand-off
103,Joe Harris,BKN,5.0,0.6,5.5,0.0,0.0,0.0,0.4,0.0,0.0,0.0,33.0,0.0,0.0,0.0,0.0,2018-19,hand-off
104,Langston Galloway,DET,4.0,1.3,13.9,0.0,0.0,0.0,1.3,0.0,0.0,0.0,0.0,0.0,0.0,0.0,0.0,2018-19,hand-off
105,Shaun Livingston,GSW,22.0,0.1,2.1,0.0,0.0,0.0,0.0,0.0,0.0,0.0,0.0,50.0,0.0,0.0,0.0,2018-19,hand-off
106,JaMychal Green,LAC,6.0,0.2,1.7,0.0,0.0,0.0,0.0,0.0,0.0,0.0,100.0,0.0,0.0,0.0,0.0,2018-19,hand-off
107,Jonah Bolden,PHI,10.0,0.1,3.2,0.0,0.0,0.0,0.0,0.0,0.0,0.0,100.0,0.0,0.0,0.0,0.0,2018-19,hand-off
108,Maurice Harkless,POR,16.0,0.1,0.7,0.0,0.0,0.0,0.1,0.0,0.0,0.0,0.0,0.0,0.0,0.0,0.0,2018-19,hand-off
109,Khyri Thomas,DET,3.0,0.3,8.3,0.0,0.0,0.0,0.3,0.0,0.0,0.0,0.0,0.0,0.0,0.0,0.0,2018-19,hand-off
110,Anfernee Simons,POR,5.0,0.2,11.1,0.0,0.0,0.0,0.2,0.0,0.0,0.0,0.0,0.0,0.0,0.0,0.0,2018-19,hand-off
111,Alfonzo McKinnie,GSW,22.0,0.0,1.4,0.0,0.0,0.0,0.0,0.0,0.0,0.0,0.0,0.0,0.0,0.0,0.0,2018-19,hand-off
112,Quincy Pondexter,SAS,5.0,0.2,50.0,0.0,0.0,0.0,0.2,0.0,0.0,0.0,0.0,0.0,0.0,0.0,0.0,2018-19,hand-off
113,Evan Turner,POR,16.0,0.1,1.5,0.0,0.0,0.0,0.1,0.0,0.0,0.0,0.0,0.0,0.0,0.0,0.0,2018-19,hand-off
114,Rodions Kurucs,BKN,4.0,0.3,3.8,0.0,0.0,0.0,0.0,0.0,0.0,0.0,100.0,0.0,0.0,0.0,0.0,2018-19,hand-off
115,Jonas Jerebko,GSW,16.0,0.1,2.1,0.0,0.0,0.0,0.1,0.0,0.0,0.0,0.0,0.0,0.0,0.0,0.0,2018-19,hand-off
116,Joel Embiid,PHI,11.0,0.1,0.4,0.0,0.0,0.0,0.1,0.0,0.0,0.0,0.0,0.0,0.0,0.0,0.0,2018-19,hand-off
117,Garrett Temple,LAC,6.0,0.2,5.6,0.0,0.0,0.0,0.2,0.0,0.0,0.0,0.0,0.0,0.0,0.0,0.0,2018-19,hand-off
118,Ish Smith,DET,4.0,0.3,2.3,0.0,0.0,0.0,0.3,0.0,0.0,0.0,0.0,0.0,0.0,0.0,0.0,2018-19,hand-off
119,Danuel House Jr.,HOU,7.0,0.1,2.2,0.0,0.0,0.0,0.1,0.0,0.0,0.0,0.0,0.0,0.0,0.0,0.0,2018-19,hand-off
120,Iman Shumpert,HOU,8.0,0.1,3.3,0.0,0.0,0.0,0.1,0.0,0.0,0.0,0.0,0.0,0.0,0.0,0.0,2018-19,hand-off
121,D.J. Augustin,ORL,5.0,0.2,1.9,0.0,0.0,0.0,0.0,0.0,0.0,0.0,100.0,0.0,0.0,0.0,0.0,2018-19,hand-off
122,Raymond Felton,OKC,5.0,0.2,6.3,0.0,0.0,0.0,0.0,0.0,0.0,0.0,100.0,0.0,0.0,0.0,0.0,2018-19,hand-off
123,Georges Niang,UTA,5.0,0.2,4.2,0.0,0.0,0.0,0.2,0.0,0.0,0.0,0.0,0.0,0.0,0.0,0.0,2018-19,hand-off
124,Eric Bledsoe,MIL,15.0,0.3,2.1,0.0,0.0,0.0,0.3,0.0,0.0,0.0,20.0,0.0,0.0,0.0,0.0,2018-19,hand-off
0,Jamal Murray,DEN,19.0,3.7,15.7,1.09,4.1,1.6,2.8,56.6,62.3,9.9,16.9,8.5,1.4,49.3,82.8,2019-20,hand-off
1,Duncan Robinson,MIA,21.0,3.3,33.8,1.06,3.5,1.0,2.9,36.1,51.6,8.7,7.2,8.7,4.3,36.2,69.0,2019-20,hand-off
2,Tyler Herro,MIA,21.0,2.9,17.4,1.03,3.0,1.1,2.5,43.4,53.8,5.0,6.7,3.3,0.0,43.3,65.5,2019-20,hand-off
3,Mike Conley,UTA,5.0,1.6,9.9,1.63,2.6,0.6,1.0,60.0,80.0,25.0,12.5,25.0,0.0,62.5,0.0,2019-20,hand-off
4,Damian Lillard,POR,5.0,2.2,9.8,1.18,2.6,1.0,2.0,50.0,65.0,0.0,9.1,0.0,0.0,45.5,89.7,2019-20,hand-off
5,CJ McCollum,POR,6.0,2.0,8.2,1.08,2.2,0.5,1.7,30.0,45.0,25.0,0.0,25.0,8.3,41.7,79.3,2019-20,hand-off
6,Kemba Walker,BOS,17.0,1.4,7.2,1.57,2.1,0.9,1.3,68.2,77.3,13.0,4.3,13.0,13.0,65.2,100.0,2019-20,hand-off
7,Donovan Mitchell,UTA,7.0,1.1,3.8,1.5,1.7,0.7,1.0,71.4,85.7,0.0,12.5,0.0,0.0,62.5,0.0,2019-20,hand-off
8,Kyle Korver,MIL,10.0,1.6,29.6,1.06,1.7,0.6,1.5,40.0,53.3,6.3,6.3,6.3,6.3,37.5,72.4,2019-20,hand-off
9,Khris Middleton,MIL,10.0,1.7,7.4,0.94,1.6,0.3,1.1,27.3,40.9,23.5,11.8,23.5,0.0,41.2,62.1,2019-20,hand-off
10,Rayjon Tucker,UTA,2.0,0.5,16.7,3.0,1.5,0.5,0.5,100.0,150.0,0.0,0.0,0.0,0.0,100.0,0.0,2019-20,hand-off
11,Luka Doncic,DAL,6.0,1.3,4.3,1.13,1.5,0.5,1.0,50.0,58.3,12.5,12.5,0.0,0.0,50.0,0.0,2019-20,hand-off
12,Goran Dragic,MIA,17.0,1.7,8.7,0.83,1.4,0.6,1.5,38.5,42.3,3.4,6.9,3.4,0.0,37.9,51.7,2019-20,hand-off
13,Malcolm Brogdon,IND,4.0,2.5,11.4,0.5,1.3,0.5,2.3,22.2,27.8,0.0,10.0,0.0,0.0,20.0,32.1,2019-20,hand-off
14,Kendrick Nunn,MIA,15.0,1.0,13.9,1.27,1.3,0.5,0.9,57.1,67.9,0.0,6.7,0.0,0.0,53.3,93.1,2019-20,hand-off
15,Tim Hardaway Jr.,DAL,6.0,1.7,9.8,0.8,1.3,0.5,1.3,37.5,37.5,10.0,10.0,10.0,0.0,40.0,46.4,2019-20,hand-off
16,Gary Clark,ORL,5.0,0.4,5.4,3.0,1.2,0.4,0.4,100.0,150.0,0.0,0.0,0.0,0.0,100.0,0.0,2019-20,hand-off
17,Kyle Lowry,TOR,11.0,1.5,8.0,0.75,1.1,0.3,1.1,25.0,29.2,18.8,12.5,18.8,6.3,31.3,41.4,2019-20,hand-off
18,Dennis Schroder,OKC,7.0,1.1,5.9,1.0,1.1,0.3,0.9,33.3,33.3,25.0,0.0,25.0,0.0,50.0,0.0,2019-20,hand-off
19,Norman Powell,TOR,11.0,0.8,7.1,1.33,1.1,0.4,0.5,66.7,83.3,22.2,11.1,11.1,0.0,55.6,0.0,2019-20,hand-off
20,James Harden,HOU,12.0,0.8,3.1,1.3,1.1,0.3,0.6,57.1,85.7,10.0,20.0,0.0,0.0,50.0,96.6,2019-20,hand-off
21,Kawhi Leonard,LAC,13.0,1.0,3.8,1.08,1.1,0.4,0.8,50.0,55.0,15.4,7.7,23.1,7.7,46.2,75.9,2019-20,hand-off
22,Talen Horton-Tucker,LAL,2.0,0.5,8.3,2.0,1.0,0.5,0.5,100.0,100.0,0.0,0.0,0.0,0.0,100.0,0.0,2019-20,hand-off
23,T.J. Warren,IND,4.0,1.5,7.3,0.67,1.0,0.3,1.3,20.0,20.0,16.7,0.0,16.7,0.0,33.3,0.0,2019-20,hand-off
24,Joe Ingles,UTA,7.0,0.6,6.6,1.75,1.0,0.4,0.6,75.0,87.5,0.0,0.0,0.0,0.0,75.0,0.0,2019-20,hand-off
25,Josh Richardson,PHI,4.0,2.5,13.9,0.4,1.0,0.3,2.3,11.1,11.1,10.0,0.0,0.0,0.0,20.0,14.3,2019-20,hand-off
26,Jaylen Brown,BOS,17.0,0.9,4.2,0.87,0.8,0.1,0.5,25.0,25.0,26.7,20.0,26.7,0.0,40.0,55.2,2019-20,hand-off
27,Shake Milton,PHI,4.0,1.0,7.5,0.75,0.8,0.3,0.8,33.3,50.0,0.0,25.0,0.0,0.0,25.0,0.0,2019-20,hand-off
28,D.J. Augustin,ORL,5.0,0.8,5.8,1.0,0.8,0.4,0.8,50.0,50.0,0.0,0.0,0.0,0.0,50.0,0.0,2019-20,hand-off
29,Terrence Ross,ORL,5.0,2.0,13.2,0.4,0.8,0.4,1.6,25.0,25.0,0.0,20.0,0.0,0.0,20.0,14.3,2019-20,hand-off
30,Monte Morris,DEN,19.0,0.6,7.6,1.17,0.7,0.3,0.4,62.5,62.5,25.0,16.7,16.7,8.3,58.3,86.2,2019-20,hand-off
31,Gary Trent Jr.,POR,6.0,1.0,9.7,0.67,0.7,0.3,0.8,40.0,40.0,0.0,16.7,0.0,0.0,33.3,0.0,2019-20,hand-off
32,Kristaps Porzingis,DAL,3.0,0.3,1.9,2.0,0.7,0.3,0.3,100.0,100.0,0.0,0.0,0.0,0.0,100.0,0.0,2019-20,hand-off
33,Trey Burke,DAL,6.0,0.8,7.1,0.8,0.7,0.3,0.8,40.0,40.0,0.0,0.0,0.0,0.0,40.0,0.0,2019-20,hand-off
34,George Hill,MIL,10.0,0.4,4.2,1.75,0.7,0.3,0.3,100.0,116.7,0.0,25.0,0.0,0.0,75.0,0.0,2019-20,hand-off
35,Jordan Clarkson,UTA,7.0,0.7,4.7,0.8,0.6,0.3,0.7,40.0,40.0,0.0,0.0,0.0,0.0,40.0,0.0,2019-20,hand-off
36,LeBron James,LAL,21.0,0.4,1.5,1.5,0.6,0.2,0.3,57.1,85.7,0.0,12.5,0.0,0.0,50.0,0.0,2019-20,hand-off
37,Kentavious Caldwell-Pope,LAL,21.0,0.7,6.5,0.93,0.6,0.2,0.5,40.0,50.0,14.3,14.3,14.3,0.0,42.9,58.6,2019-20,hand-off
38,Shai Gilgeous-Alexander,OKC,7.0,0.6,3.4,1.0,0.6,0.1,0.3,50.0,50.0,25.0,25.0,25.0,0.0,50.0,0.0,2019-20,hand-off
39,Gordon Hayward,BOS,5.0,1.0,8.2,0.6,0.6,0.2,0.8,25.0,37.5,0.0,20.0,0.0,0.0,20.0,0.0,2019-20,hand-off
40,Russell Westbrook,HOU,8.0,0.5,2.2,1.0,0.5,0.3,0.5,50.0,50.0,0.0,0.0,0.0,0.0,50.0,0.0,2019-20,hand-off
41,Fred VanVleet,TOR,11.0,1.2,5.8,0.39,0.5,0.2,1.1,16.7,20.8,0.0,7.7,0.0,0.0,15.4,10.3,2019-20,hand-off
42,Alec Burks,PHI,4.0,0.8,5.4,0.67,0.5,0.3,0.8,33.3,33.3,0.0,0.0,0.0,0.0,33.3,0.0,2019-20,hand-off
43,Donte DiVincenzo,MIL,10.0,0.9,12.9,0.56,0.5,0.1,0.8,12.5,18.8,11.1,0.0,11.1,0.0,22.2,0.0,2019-20,hand-off
44,Tyler Johnson,BKN,4.0,0.5,4.0,1.0,0.5,0.3,0.5,50.0,50.0,0.0,0.0,0.0,0.0,50.0,0.0,2019-20,hand-off
45,Furkan Korkmaz,PHI,4.0,0.5,18.2,1.0,0.5,0.0,0.0,0.0,0.0,50.0,50.0,50.0,0.0,50.0,0.0,2019-20,hand-off
46,Caris LeVert,BKN,4.0,0.5,2.1,1.0,0.5,0.3,0.5,50.0,50.0,50.0,0.0,50.0,50.0,50.0,0.0,2019-20,hand-off
47,Carmelo Anthony,POR,6.0,0.5,2.8,1.0,0.5,0.2,0.5,33.3,50.0,0.0,0.0,0.0,0.0,33.3,0.0,2019-20,hand-off
48,Joel Embiid,PHI,4.0,0.3,0.9,2.0,0.5,0.3,0.3,100.0,100.0,0.0,0.0,0.0,0.0,100.0,0.0,2019-20,hand-off
49,Jae Crowder,MIA,21.0,0.8,7.2,0.47,0.4,0.1,0.8,17.6,23.5,0.0,0.0,0.0,0.0,17.6,27.6,2019-20,hand-off
50,Evan Fournier,ORL,5.0,2.4,16.4,0.17,0.4,0.0,1.6,0.0,0.0,16.7,16.7,16.7,0.0,16.7,0.0,2019-20,hand-off
51,Darius Bazley,OKC,7.0,0.1,2.4,3.0,0.4,0.1,0.1,100.0,150.0,0.0,0.0,0.0,0.0,100.0,0.0,2019-20,hand-off
52,Gary Harris,DEN,14.0,1.3,14.8,0.33,0.4,0.1,1.0,14.3,14.3,5.6,16.7,5.6,0.0,16.7,6.9,2019-20,hand-off
53,Kelly Olynyk,MIA,17.0,0.6,8.3,0.6,0.4,0.1,0.5,22.2,33.3,0.0,10.0,0.0,0.0,20.0,37.9,2019-20,hand-off
54,Marcus Smart,BOS,17.0,0.3,1.9,1.4,0.4,0.2,0.2,100.0,100.0,20.0,20.0,20.0,0.0,80.0,0.0,2019-20,hand-off
55,Eric Gordon,HOU,12.0,1.0,5.6,0.42,0.4,0.2,1.0,16.7,20.8,0.0,0.0,0.0,0.0,16.7,20.7,2019-20,hand-off
56,Jimmy Butler,MIA,21.0,0.9,4.3,0.42,0.4,0.1,0.5,18.2,18.2,10.5,31.6,10.5,0.0,21.1,24.1,2019-20,hand-off
57,James Ennis III,ORL,5.0,0.2,2.2,2.0,0.4,0.2,0.2,100.0,100.0,0.0,0.0,0.0,0.0,100.0,0.0,2019-20,hand-off
58,Michael Porter Jr.,DEN,19.0,0.5,4.9,0.8,0.4,0.2,0.4,37.5,50.0,0.0,20.0,0.0,0.0,30.0,46.4,2019-20,hand-off
59,Jerami Grant,DEN,19.0,0.5,4.0,0.89,0.4,0.1,0.3,16.7,25.0,33.3,0.0,33.3,0.0,44.4,0.0,2019-20,hand-off
60,Paul Millsap,DEN,19.0,0.5,5.4,0.56,0.3,0.1,0.4,14.3,21.4,11.1,11.1,11.1,0.0,22.2,0.0,2019-20,hand-off
61,Austin Rivers,HOU,12.0,0.3,5.3,1.0,0.3,0.0,0.2,0.0,0.0,50.0,0.0,25.0,0.0,50.0,0.0,2019-20,hand-off
62,Jeff Green,HOU,12.0,0.2,1.6,1.5,0.3,0.1,0.2,50.0,75.0,0.0,0.0,0.0,0.0,50.0,0.0,2019-20,hand-off
63,Chris Paul,OKC,7.0,0.1,0.7,2.0,0.3,0.1,0.1,100.0,100.0,0.0,0.0,0.0,0.0,100.0,0.0,2019-20,hand-off
64,Jayson Tatum,BOS,17.0,0.6,2.3,0.5,0.3,0.1,0.4,28.6,28.6,20.0,20.0,10.0,10.0,20.0,32.1,2019-20,hand-off
65,P.J. Dozier,DEN,12.0,0.6,14.9,0.57,0.3,0.2,0.4,40.0,40.0,0.0,28.6,0.0,0.0,28.6,0.0,2019-20,hand-off
66,Lou Williams,LAC,13.0,0.5,3.9,0.57,0.3,0.2,0.4,40.0,40.0,0.0,28.6,0.0,0.0,28.6,0.0,2019-20,hand-off
67,Brook Lopez,MIL,10.0,0.3,2.3,0.67,0.2,0.0,0.2,0.0,0.0,33.3,0.0,33.3,0.0,33.3,0.0,2019-20,hand-off
68,OG Anunoby,TOR,11.0,0.2,1.7,1.0,0.2,0.0,0.1,0.0,0.0,50.0,0.0,50.0,0.0,50.0,0.0,2019-20,hand-off
69,Pascal Siakam,TOR,11.0,0.4,1.8,0.5,0.2,0.0,0.3,0.0,0.0,25.0,0.0,25.0,0.0,25.0,0.0,2019-20,hand-off
70,Landry Shamet,LAC,13.0,0.2,2.7,1.0,0.2,0.0,0.1,0.0,0.0,50.0,0.0,50.0,0.0,50.0,0.0,2019-20,hand-off
71,Marcus Morris Sr.,LAC,13.0,0.1,0.8,2.0,0.2,0.1,0.1,100.0,100.0,0.0,0.0,0.0,0.0,100.0,0.0,2019-20,hand-off
72,Eric Bledsoe,MIL,9.0,0.7,4.6,0.33,0.2,0.0,0.3,0.0,0.0,16.7,33.3,16.7,0.0,16.7,0.0,2019-20,hand-off
73,Matt Thomas,TOR,10.0,0.2,9.1,1.0,0.2,0.1,0.2,50.0,50.0,0.0,0.0,0.0,0.0,50.0,0.0,2019-20,hand-off
74,Montrezl Harrell,LAC,13.0,0.1,0.8,2.0,0.2,0.1,0.1,100.0,100.0,0.0,0.0,0.0,0.0,100.0,0.0,2019-20,hand-off
75,Paul George,LAC,13.0,0.8,3.9,0.18,0.2,0.0,0.7,0.0,0.0,9.1,9.1,9.1,0.0,9.1,3.4,2019-20,hand-off
76,Kyle Kuzma,LAL,21.0,0.1,1.4,0.67,0.1,0.0,0.1,33.3,33.3,0.0,0.0,0.0,0.0,33.3,0.0,2019-20,hand-off
77,Brad Wanamaker,BOS,17.0,0.2,3.5,0.67,0.1,0.1,0.2,33.3,33.3,0.0,0.0,0.0,0.0,33.3,0.0,2019-20,hand-off
78,Bam Adebayo,MIA,19.0,0.2,1.3,0.5,0.1,0.1,0.1,50.0,50.0,0.0,50.0,0.0,0.0,25.0,0.0,2019-20,hand-off
79,Danny Green,LAL,21.0,0.1,1.1,1.5,0.1,0.0,0.1,50.0,75.0,0.0,0.0,0.0,0.0,50.0,0.0,2019-20,hand-off
80,Alex Caruso,LAL,21.0,0.1,1.9,0.67,0.1,0.0,0.1,0.0,0.0,33.3,0.0,33.3,0.0,33.3,0.0,2019-20,hand-off
81,Andre Iguodala,MIA,21.0,0.2,4.8,0.5,0.1,0.0,0.1,33.3,33.3,0.0,25.0,0.0,0.0,25.0,0.0,2019-20,hand-off
82,Torrey Craig,DEN,19.0,0.1,1.1,2.0,0.1,0.1,0.1,100.0,100.0,0.0,0.0,0.0,0.0,100.0,0.0,2019-20,hand-off
83,Stanley Johnson,TOR,3.0,0.3,8.3,0.0,0.0,0.0,0.3,0.0,0.0,0.0,0.0,0.0,0.0,0.0,0.0,2019-20,hand-off
84,Nikola Vucevic,ORL,5.0,0.2,0.8,0.0,0.0,0.0,0.2,0.0,0.0,0.0,0.0,0.0,0.0,0.0,0.0,2019-20,hand-off
85,Aaron Holiday,IND,4.0,0.3,3.7,0.0,0.0,0.0,0.0,0.0,0.0,0.0,100.0,0.0,0.0,0.0,0.0,2019-20,hand-off
86,Romeo Langford,BOS,7.0,0.1,7.7,0.0,0.0,0.0,0.1,0.0,0.0,0.0,0.0,0.0,0.0,0.0,0.0,2019-20,hand-off
87,Danuel House Jr.,HOU,9.0,0.1,1.0,0.0,0.0,0.0,0.1,0.0,0.0,0.0,0.0,0.0,0.0,0.0,0.0,2019-20,hand-off
88,Abdel Nader,OKC,3.0,0.3,12.5,0.0,0.0,0.0,0.3,0.0,0.0,0.0,0.0,0.0,0.0,0.0,0.0,2019-20,hand-off
89,Seth Curry,DAL,6.0,0.3,3.2,0.0,0.0,0.0,0.2,0.0,0.0,0.0,50.0,0.0,0.0,0.0,0.0,2019-20,hand-off
90,Marvin Williams,MIL,10.0,0.1,2.0,0.0,0.0,0.0,0.1,0.0,0.0,0.0,0.0,0.0,0.0,0.0,0.0,2019-20,hand-off
91,JR Smith,LAL,7.0,0.1,3.0,0.0,0.0,0.0,0.1,0.0,0.0,0.0,0.0,0.0,0.0,0.0,0.0,2019-20,hand-off
92,Quinn Cook,LAL,5.0,0.4,18.2,0.0,0.0,0.0,0.4,0.0,0.0,0.0,0.0,0.0,0.0,0.0,0.0,2019-20,hand-off
93,Luguentz Dort,OKC,6.0,0.3,2.0,0.0,0.0,0.0,0.0,0.0,0.0,0.0,100.0,0.0,0.0,0.0,0.0,2019-20,hand-off
94,Nikola Jokic,DEN,19.0,0.1,0.5,0.0,0.0,0.0,0.1,0.0,0.0,0.0,0.0,0.0,0.0,0.0,0.0,2019-20,hand-off
95,Markelle Fultz,ORL,5.0,0.6,3.9,0.0,0.0,0.0,0.6,0.0,0.0,0.0,0.0,0.0,0.0,0.0,0.0,2019-20,hand-off
96,Tobias Harris,PHI,4.0,0.8,4.0,0.0,0.0,0.0,0.8,0.0,0.0,0.0,0.0,0.0,0.0,0.0,0.0,2019-20,hand-off
97,Pat Connaughton,MIL,10.0,0.3,7.3,0.0,0.0,0.0,0.3,0.0,0.0,0.0,0.0,0.0,0.0,0.0,0.0,2019-20,hand-off
98,Troy Daniels,DEN,6.0,0.2,7.7,0.0,0.0,0.0,0.2,0.0,0.0,0.0,0.0,0.0,0.0,0.0,0.0,2019-20,hand-off
99,Rajon Rondo,LAL,16.0,0.1,0.6,0.0,0.0,0.0,0.1,0.0,0.0,0.0,0.0,0.0,0.0,0.0,0.0,2019-20,hand-off
100,Josh Reaves,DAL,2.0,0.5,20.0,0.0,0.0,0.0,0.5,0.0,0.0,0.0,0.0,0.0,0.0,0.0,0.0,2019-20,hand-off
101,Rodney McGruder,LAC,5.0,0.2,20.0,0.0,0.0,0.0,0.2,0.0,0.0,0.0,0.0,0.0,0.0,0.0,0.0,2019-20,hand-off
102,Anthony Davis,LAL,21.0,0.0,0.2,0.0,0.0,0.0,0.0,0.0,0.0,0.0,0.0,0.0,0.0,0.0,0.0,2019-20,hand-off
103,Dion Waiters,LAL,4.0,0.3,7.1,0.0,0.0,0.0,0.3,0.0,0.0,0.0,0.0,0.0,0.0,0.0,0.0,2019-20,hand-off
104,Danilo Gallinari,OKC,7.0,0.1,0.9,0.0,0.0,0.0,0.1,0.0,0.0,0.0,0.0,0.0,0.0,0.0,0.0,2019-20,hand-off
105,Solomon Hill,MIA,4.0,0.3,11.1,0.0,0.0,0.0,0.3,0.0,0.0,0.0,0.0,0.0,0.0,0.0,0.0,2019-20,hand-off
106,T.J. McConnell,IND,3.0,0.3,9.1,0.0,0.0,0.0,0.3,0.0,0.0,0.0,0.0,0.0,0.0,0.0,0.0,2019-20,hand-off
107,Wesley Matthews,MIL,10.0,0.4,5.8,0.0,0.0,0.0,0.3,0.0,0.0,0.0,25.0,0.0,0.0,0.0,0.0,2019-20,hand-off
108,Robert Covington,HOU,12.0,0.1,0.9,0.0,0.0,0.0,0.1,0.0,0.0,0.0,0.0,0.0,0.0,0.0,0.0,2019-20,hand-off
109,Chris Chiozza,BKN,4.0,0.3,3.4,0.0,0.0,0.0,0.0,0.0,0.0,0.0,100.0,0.0,0.0,0.0,0.0,2019-20,hand-off
110,Raul Neto,PHI,2.0,0.5,10.0,0.0,0.0,0.0,0.5,0.0,0.0,0.0,0.0,0.0,0.0,0.0,0.0,2019-20,hand-off
111,Edmond Sumner,IND,3.0,0.3,10.0,0.0,0.0,0.0,0.3,0.0,0.0,0.0,0.0,0.0,0.0,0.0,0.0,2019-20,hand-off
112,Victor Oladipo,IND,4.0,0.3,1.3,0.0,0.0,0.0,0.0,0.0,0.0,0.0,100.0,0.0,0.0,0.0,0.0,2019-20,hand-off
113,Jarrell Brantley,UTA,2.0,0.5,14.3,0.0,0.0,0.0,0.5,0.0,0.0,0.0,0.0,0.0,0.0,0.0,0.0,2019-20,hand-off
114,Terrance Ferguson,OKC,4.0,0.3,8.3,0.0,0.0,0.0,0.3,0.0,0.0,0.0,0.0,0.0,0.0,0.0,0.0,2019-20,hand-off
115,Giannis Antetokounmpo,MIL,9.0,0.4,1.7,0.0,0.0,0.0,0.3,0.0,0.0,0.0,25.0,0.0,0.0,0.0,0.0,2019-20,hand-off
0,Michael Porter Jr.,DEN,10.0,3.1,19.5,1.32,4.1,1.5,3.0,48.3,63.8,6.5,3.2,6.5,3.0,48.4,79.2,2020-21,hand-off
1,Dillon Brooks,MEM,5.0,2.6,11.3,1.08,2.8,1.6,3.0,46.2,53.8,0.0,0.0,0.0,0.0,46.2,58.3,2020-21,hand-off
2,Kevin Durant,BKN,12.0,2.3,7.3,1.22,2.8,1.3,2.0,55.6,66.7,18.5,14.8,14.8,0.0,55.6,66.7,2020-21,hand-off
3,Bradley Beal,WAS,5.0,3.6,11.2,0.78,2.8,1.0,3.0,37.5,37.5,5.6,5.6,5.6,0.0,38.9,20.8,2020-21,hand-off
4,Luka Doncic,DAL,7.0,1.4,4.0,1.9,2.7,0.7,1.0,75.0,93.8,30.0,0.0,30.0,10.0,70.0,100.0,2020-21,hand-off
5,Seth Curry,PHI,12.0,2.0,14.5,1.29,2.6,1.3,2.0,60.0,67.5,8.3,8.3,4.2,0.0,58.3,75.0,2020-21,hand-off
6,Kyrie Irving,BKN,9.0,1.8,8.6,1.38,2.4,0.3,1.0,53.8,73.1,6.3,12.5,6.3,0.0,50.0,83.3,2020-21,hand-off
7,Duncan Robinson,MIA,4.0,2.5,27.8,0.9,2.3,0.8,2.0,37.5,56.3,0.0,20.0,0.0,0.0,30.0,45.8,2020-21,hand-off
8,Donovan Mitchell,UTA,10.0,1.3,4.4,1.69,2.2,0.6,1.0,63.6,86.4,23.1,7.7,15.4,15.0,61.5,95.8,2020-21,hand-off
9,Damian Lillard,POR,6.0,2.8,10.2,0.77,2.2,0.3,2.0,23.1,34.6,11.8,11.8,5.9,0.0,29.4,16.7,2020-21,hand-off
10,Devin Booker,PHX,22.0,2.4,8.6,0.89,2.1,0.8,2.0,40.9,44.3,7.5,9.4,3.8,0.0,41.5,41.7,2020-21,hand-off
11,Kendrick Nunn,MIA,4.0,3.0,25.5,0.67,2.0,1.0,3.0,33.3,33.3,0.0,0.0,0.0,0.0,33.3,8.3,2020-21,hand-off
12,Goran Dragic,MIA,4.0,2.5,15.2,0.8,2.0,0.5,2.0,40.0,40.0,0.0,0.0,0.0,0.0,40.0,25.0,2020-21,hand-off
13,Tim Hardaway Jr.,DAL,7.0,1.3,7.9,1.56,2.0,0.4,1.0,55.6,77.8,0.0,0.0,0.0,0.0,55.6,0.0,2020-21,hand-off
14,Joe Harris,BKN,12.0,2.0,17.8,0.88,1.8,0.7,2.0,33.3,43.8,0.0,0.0,0.0,0.0,33.3,34.8,2020-21,hand-off
15,Bryn Forbes,MIL,20.0,1.3,20.7,1.28,1.6,0.4,1.0,47.8,60.9,8.0,4.0,8.0,4.0,48.0,70.8,2020-21,hand-off
16,Norman Powell,POR,6.0,1.2,7.8,1.14,1.3,0.3,1.0,42.9,50.0,14.3,0.0,14.3,14.0,42.9,0.0,2020-21,hand-off
17,Cameron Payne,PHX,22.0,0.8,7.6,1.53,1.2,0.9,1.0,84.6,92.3,5.9,17.6,5.9,0.0,70.6,87.5,2020-21,hand-off
18,Reggie Bullock,NYK,5.0,0.6,6.7,2.0,1.2,0.8,1.0,66.7,100.0,0.0,0.0,0.0,0.0,66.7,0.0,2020-21,hand-off
19,Trae Young,ATL,16.0,0.7,2.3,1.55,1.1,0.8,1.0,70.0,85.0,0.0,9.1,0.0,0.0,63.6,91.7,2020-21,hand-off
20,Chandler Hutchison,WAS,2.0,0.5,14.3,2.0,1.0,0.0,0.0,0.0,0.0,100.0,0.0,100.0,0.0,100.0,0.0,2020-21,hand-off
21,Bojan Bogdanovic,UTA,11.0,0.6,3.9,1.57,1.0,0.9,1.0,83.3,83.3,14.3,0.0,0.0,0.0,85.7,0.0,2020-21,hand-off
22,Khris Middleton,MIL,23.0,1.2,5.0,0.82,1.0,0.4,1.0,39.1,41.3,7.1,10.7,3.6,0.0,39.3,29.2,2020-21,hand-off
23,Evan Fournier,BOS,5.0,0.6,4.2,1.67,1.0,0.0,0.0,100.0,150.0,33.3,33.3,33.3,0.0,66.7,0.0,2020-21,hand-off
24,Grayson Allen,MEM,5.0,0.8,11.8,1.25,1.0,0.6,1.0,50.0,62.5,0.0,0.0,0.0,0.0,50.0,0.0,2020-21,hand-off
25,Donte DiVincenzo,MIL,3.0,1.3,18.2,0.75,1.0,0.3,1.0,33.3,50.0,0.0,25.0,0.0,0.0,25.0,0.0,2020-21,hand-off
26,Will Barton,DEN,3.0,1.3,8.2,0.75,1.0,0.0,1.0,25.0,37.5,0.0,0.0,0.0,0.0,25.0,0.0,2020-21,hand-off
27,Markus Howard,DEN,9.0,0.7,15.8,1.33,0.9,0.7,1.0,50.0,66.7,0.0,0.0,0.0,0.0,50.0,0.0,2020-21,hand-off
28,James Harden,BKN,9.0,0.7,3.8,1.33,0.9,-0.1,0.0,50.0,75.0,33.3,33.3,33.3,0.0,50.0,0.0,2020-21,hand-off
29,Tyler Herro,MIA,4.0,1.0,9.1,0.75,0.8,0.5,1.0,33.3,50.0,0.0,25.0,0.0,0.0,25.0,0.0,2020-21,hand-off
30,Jrue Holiday,MIL,23.0,0.9,4.2,0.95,0.8,0.6,1.0,44.4,47.2,10.0,10.0,10.0,10.0,40.0,54.2,2020-21,hand-off
31,Jordan Clarkson,UTA,11.0,0.5,2.5,1.8,0.8,-0.2,0.0,60.0,90.0,0.0,0.0,0.0,0.0,60.0,0.0,2020-21,hand-off
32,Facundo Campazzo,DEN,10.0,0.6,6.2,1.33,0.8,0.7,1.0,50.0,66.7,0.0,0.0,0.0,0.0,50.0,0.0,2020-21,hand-off
33,Luke Kennard,LAC,15.0,0.6,12.9,1.33,0.8,0.7,1.0,44.4,55.6,22.2,0.0,22.2,22.0,44.4,0.0,2020-21,hand-off
34,Danny Green,PHI,8.0,0.5,7.5,1.5,0.8,-0.3,0.0,50.0,75.0,0.0,0.0,0.0,0.0,50.0,0.0,2020-21,hand-off
35,LeBron James,LAL,6.0,1.2,4.7,0.71,0.8,0.2,1.0,28.6,35.7,0.0,0.0,0.0,0.0,28.6,0.0,2020-21,hand-off
36,Jayson Tatum,BOS,5.0,0.8,2.7,1.0,0.8,0.6,1.0,50.0,50.0,0.0,0.0,0.0,0.0,50.0,0.0,2020-21,hand-off
37,Davis Bertans,WAS,4.0,0.3,3.2,3.0,0.8,0.0,0.0,100.0,150.0,0.0,0.0,0.0,0.0,100.0,0.0,2020-21,hand-off
38,Tobias Harris,PHI,12.0,0.9,4.4,0.91,0.8,0.5,1.0,45.5,45.5,0.0,0.0,0.0,0.0,45.5,50.0,2020-21,hand-off
39,CJ McCollum,POR,6.0,1.3,6.0,0.5,0.7,0.3,1.0,33.3,33.3,0.0,25.0,0.0,0.0,25.0,0.0,2020-21,hand-off
40,Kevin Huerter,ATL,18.0,0.9,8.3,0.71,0.7,0.6,1.0,38.5,42.3,5.9,17.6,5.9,0.0,35.3,12.5,2020-21,hand-off
41,Kawhi Leonard,LAC,11.0,0.7,3.0,1.0,0.7,0.6,1.0,50.0,50.0,0.0,0.0,0.0,0.0,50.0,0.0,2020-21,hand-off
42,Paul George,LAC,19.0,0.8,3.1,0.88,0.7,0.6,1.0,36.4,50.0,12.5,18.8,12.5,0.0,37.5,34.8,2020-21,hand-off
43,Jaren Jackson Jr.,MEM,5.0,0.4,3.1,1.5,0.6,-0.2,0.0,50.0,75.0,0.0,0.0,0.0,0.0,50.0,0.0,2020-21,hand-off
44,Reggie Jackson,LAC,19.0,0.5,3.3,1.1,0.6,-0.3,0.0,44.4,61.1,0.0,10.0,0.0,0.0,40.0,62.5,2020-21,hand-off
45,De'Anthony Melton,MEM,5.0,0.4,5.6,1.5,0.6,0.0,0.0,100.0,150.0,0.0,50.0,0.0,0.0,50.0,0.0,2020-21,hand-off
46,Jordan Nwora,MIL,5.0,0.2,4.5,3.0,0.6,0.0,0.0,100.0,150.0,0.0,0.0,0.0,0.0,100.0,0.0,2020-21,hand-off
47,Alec Burks,NYK,5.0,0.2,1.5,3.0,0.6,0.0,0.0,0.0,0.0,100.0,0.0,100.0,0.0,100.0,0.0,2020-21,hand-off
48,Aaron Nesmith,BOS,5.0,0.4,9.5,1.5,0.6,0.0,0.0,100.0,150.0,0.0,50.0,0.0,0.0,50.0,0.0,2020-21,hand-off
49,Furkan Korkmaz,PHI,12.0,1.1,15.7,0.54,0.6,0.3,1.0,27.3,31.8,0.0,15.4,0.0,0.0,23.1,4.2,2020-21,hand-off
50,Romeo Langford,BOS,4.0,0.3,2.9,2.0,0.5,0.0,0.0,100.0,100.0,0.0,0.0,0.0,0.0,100.0,0.0,2020-21,hand-off
51,Monte Morris,DEN,10.0,0.7,5.2,0.71,0.5,0.5,1.0,16.7,25.0,14.3,0.0,14.3,0.0,28.6,0.0,2020-21,hand-off
52,Mike Conley,UTA,6.0,0.3,2.2,1.5,0.5,-0.2,0.0,0.0,0.0,50.0,0.0,50.0,0.0,50.0,0.0,2020-21,hand-off
53,Jabari Parker,BOS,4.0,0.3,3.2,2.0,0.5,0.0,0.0,0.0,0.0,100.0,0.0,100.0,0.0,100.0,0.0,2020-21,hand-off
54,Rajon Rondo,LAC,13.0,0.4,6.9,1.2,0.5,-0.2,0.0,50.0,75.0,0.0,20.0,0.0,0.0,40.0,0.0,2020-21,hand-off
55,Joe Ingles,UTA,11.0,0.3,3.2,1.67,0.5,-0.1,0.0,66.7,83.3,0.0,0.0,0.0,0.0,66.7,0.0,2020-21,hand-off
56,Jimmy Butler,MIA,4.0,0.8,3.5,0.67,0.5,-0.5,0.0,0.0,0.0,33.3,0.0,33.3,0.0,33.3,0.0,2020-21,hand-off
57,Royce O'Neale,UTA,11.0,0.2,2.0,2.5,0.5,0.0,0.0,100.0,125.0,0.0,0.0,0.0,0.0,100.0,0.0,2020-21,hand-off
58,Jonas Valanciunas,MEM,5.0,0.2,1.4,2.0,0.4,0.0,0.0,100.0,100.0,0.0,0.0,0.0,0.0,100.0,0.0,2020-21,hand-off
59,Mike James,BKN,9.0,0.3,6.5,1.33,0.4,-0.1,0.0,66.7,66.7,0.0,0.0,0.0,0.0,66.7,0.0,2020-21,hand-off
60,Marcus Smart,BOS,5.0,0.6,3.4,0.67,0.4,-0.2,0.0,50.0,50.0,0.0,33.3,0.0,0.0,33.3,0.0,2020-21,hand-off
61,Giannis Antetokounmpo,MIL,21.0,0.3,1.2,1.29,0.4,-0.1,0.0,66.7,75.0,0.0,14.3,0.0,0.0,57.1,0.0,2020-21,hand-off
62,Derrick Rose,NYK,5.0,0.4,2.1,1.0,0.4,-0.2,0.0,50.0,50.0,0.0,0.0,0.0,0.0,50.0,0.0,2020-21,hand-off
63,Marcus Morris Sr.,LAC,19.0,0.2,1.3,2.0,0.3,0.0,0.0,100.0,100.0,0.0,0.0,0.0,0.0,100.0,0.0,2020-21,hand-off
64,Nikola Jokic,DEN,10.0,0.1,0.4,3.0,0.3,0.0,0.0,100.0,150.0,0.0,0.0,0.0,0.0,100.0,0.0,2020-21,hand-off
65,Joel Embiid,PHI,11.0,0.2,0.7,1.5,0.3,-0.1,0.0,50.0,75.0,0.0,0.0,0.0,0.0,50.0,0.0,2020-21,hand-off
66,Pat Connaughton,MIL,23.0,0.3,5.1,1.0,0.3,-0.1,0.0,50.0,50.0,14.3,14.3,14.3,14.0,42.9,0.0,2020-21,hand-off
67,Bogdan Bogdanovic,ATL,18.0,0.7,4.6,0.46,0.3,0.5,1.0,25.0,25.0,0.0,7.7,0.0,0.0,23.1,0.0,2020-21,hand-off
68,JaMychal Green,DEN,10.0,0.2,3.8,1.5,0.3,-0.1,0.0,50.0,75.0,0.0,0.0,0.0,0.0,50.0,0.0,2020-21,hand-off
69,Tyler Johnson,BKN,8.0,0.3,10.5,1.0,0.3,-0.1,0.0,50.0,50.0,0.0,0.0,0.0,0.0,50.0,0.0,2020-21,hand-off
70,Kyle Kuzma,LAL,6.0,0.7,7.0,0.5,0.3,0.5,1.0,25.0,25.0,0.0,0.0,0.0,0.0,25.0,0.0,2020-21,hand-off
71,Alex Caruso,LAL,6.0,0.5,6.5,0.67,0.3,-0.2,0.0,50.0,50.0,0.0,33.3,0.0,0.0,33.3,0.0,2020-21,hand-off
72,Dorian Finney-Smith,DAL,7.0,0.1,1.3,2.0,0.3,0.0,0.0,100.0,100.0,100.0,0.0,100.0,100.0,100.0,0.0,2020-21,hand-off
73,Wesley Matthews,LAL,6.0,0.5,8.3,0.67,0.3,-0.3,0.0,33.3,33.3,0.0,0.0,0.0,0.0,33.3,0.0,2020-21,hand-off
74,Jalen Brunson,DAL,7.0,0.3,3.8,1.0,0.3,-0.1,0.0,50.0,50.0,0.0,0.0,0.0,0.0,50.0,0.0,2020-21,hand-off
75,Kristaps Porzingis,DAL,7.0,0.1,1.2,2.0,0.3,0.0,0.0,100.0,100.0,0.0,0.0,0.0,0.0,100.0,0.0,2020-21,hand-off
76,E'Twaun Moore,PHX,7.0,0.1,4.8,2.0,0.3,0.0,0.0,100.0,100.0,0.0,0.0,0.0,0.0,100.0,0.0,2020-21,hand-off
77,Thanasis Antetokounmpo,MIL,13.0,0.1,7.7,2.0,0.2,0.0,0.0,0.0,0.0,100.0,0.0,100.0,0.0,100.0,0.0,2020-21,hand-off
78,Tyrese Maxey,PHI,12.0,0.5,7.4,0.33,0.2,-0.4,0.0,16.7,16.7,0.0,0.0,0.0,0.0,16.7,0.0,2020-21,hand-off
79,Landry Shamet,BKN,12.0,0.3,6.1,0.67,0.2,-0.2,0.0,33.3,33.3,0.0,0.0,0.0,0.0,33.3,0.0,2020-21,hand-off
80,Austin Rivers,DEN,10.0,0.7,8.1,0.29,0.2,-0.4,0.0,20.0,20.0,0.0,14.3,14.3,0.0,14.3,0.0,2020-21,hand-off
81,Cameron Johnson,PHX,21.0,0.2,3.5,0.6,0.1,-0.1,0.0,25.0,37.5,0.0,20.0,0.0,0.0,20.0,0.0,2020-21,hand-off
82,John Collins,ATL,18.0,0.1,0.5,2.0,0.1,0.0,0.0,100.0,100.0,0.0,0.0,0.0,0.0,100.0,0.0,2020-21,hand-off
83,Torrey Craig,PHX,22.0,0.0,1.1,2.0,0.1,0.0,0.0,100.0,100.0,0.0,0.0,0.0,0.0,100.0,0.0,2020-21,hand-off
84,Jae Crowder,PHX,22.0,0.2,1.9,0.75,0.1,-0.1,0.0,25.0,37.5,0.0,0.0,0.0,0.0,25.0,0.0,2020-21,hand-off
85,Chris Paul,PHX,20.0,0.3,1.6,0.33,0.1,-0.3,0.0,0.0,0.0,16.7,0.0,0.0,0.0,16.7,0.0,2020-21,hand-off
86,Aaron Gordon,DEN,10.0,0.4,3.2,0.25,0.1,-0.2,0.0,0.0,0.0,25.0,25.0,25.0,0.0,25.0,0.0,2020-21,hand-off
87,Kris Dunn,ATL,5.0,0.4,18.2,0.0,0.0,0.0,0.0,0.0,0.0,0.0,100.0,0.0,0.0,0.0,0.0,2020-21,hand-off
88,Shake Milton,PHI,12.0,0.3,6.2,0.0,0.0,-0.3,0.0,0.0,0.0,0.0,25.0,0.0,0.0,0.0,0.0,2020-21,hand-off
89,Trevor Ariza,MIA,4.0,0.3,3.8,0.0,0.0,-0.3,0.0,0.0,0.0,0.0,0.0,0.0,0.0,0.0,0.0,2020-21,hand-off
90,George Hill,PHI,12.0,0.3,5.1,0.0,0.0,-0.3,0.0,0.0,0.0,0.0,0.0,0.0,0.0,0.0,0.0,2020-21,hand-off
91,Danilo Gallinari,ATL,18.0,0.1,0.9,0.0,0.0,-0.1,0.0,0.0,0.0,0.0,0.0,0.0,0.0,0.0,0.0,2020-21,hand-off
92,Cassius Winston,WAS,3.0,0.3,10.0,0.0,0.0,0.0,0.3,0.0,0.0,0.0,0.0,0.0,0.0,0.0,0.0,2020-21,hand-off
93,Immanuel Quickley,NYK,5.0,0.2,2.4,0.0,0.0,-0.2,0.0,0.0,0.0,0.0,0.0,0.0,0.0,0.0,0.0,2020-21,hand-off
94,Julius Randle,NYK,5.0,0.4,1.5,0.0,0.0,-0.4,0.0,0.0,0.0,0.0,0.0,0.0,0.0,0.0,0.0,2020-21,hand-off
95,Kyle Anderson,MEM,5.0,0.4,4.2,0.0,0.0,-0.2,0.0,0.0,0.0,0.0,50.0,0.0,0.0,0.0,0.0,2020-21,hand-off
96,Russell Westbrook,WAS,5.0,0.4,1.6,0.0,0.0,-0.4,0.0,0.0,0.0,0.0,0.0,0.0,0.0,0.0,0.0,2020-21,hand-off
97,Nathan Knight,ATL,6.0,0.3,25.0,0.0,0.0,-0.2,0.0,0.0,0.0,50.0,0.0,50.0,0.0,0.0,0.0,2020-21,hand-off
98,Tyus Jones,MEM,5.0,0.4,11.1,0.0,0.0,-0.4,0.0,0.0,0.0,0.0,0.0,0.0,0.0,0.0,0.0,2020-21,hand-off
99,Cam Reddish,ATL,4.0,0.5,4.7,0.0,0.0,-0.5,0.0,0.0,0.0,0.0,0.0,0.0,0.0,0.0,0.0,2020-21,hand-off
100,Bobby Portis,MIL,20.0,0.1,1.2,0.0,0.0,-0.1,0.0,0.0,0.0,0.0,0.0,0.0,0.0,0.0,0.0,2020-21,hand-off
101,Solomon Hill,ATL,14.0,0.1,7.4,0.0,0.0,-0.1,0.0,0.0,0.0,0.0,0.0,0.0,0.0,0.0,0.0,2020-21,hand-off
102,Desmond Bane,MEM,5.0,0.4,9.1,0.0,0.0,-0.4,0.0,0.0,0.0,0.0,0.0,0.0,0.0,0.0,0.0,2020-21,hand-off
103,Shaquille Harrison,DEN,9.0,0.1,10.0,0.0,0.0,0.0,0.0,0.0,0.0,0.0,100.0,0.0,0.0,0.0,0.0,2020-21,hand-off
104,Dennis Schroder,LAL,6.0,0.2,1.1,0.0,0.0,0.0,0.0,0.0,0.0,0.0,100.0,0.0,0.0,0.0,0.0,2020-21,hand-off
105,Brook Lopez,MIL,23.0,0.0,0.4,0.0,0.0,0.0,0.0,0.0,0.0,0.0,0.0,0.0,0.0,0.0,0.0,2020-21,hand-off
106,Josh Richardson,DAL,7.0,0.1,2.7,0.0,0.0,-0.1,0.0,0.0,0.0,0.0,0.0,0.0,0.0,0.0,0.0,2020-21,hand-off
107,Payton Pritchard,BOS,5.0,0.2,4.8,0.0,0.0,-0.2,0.0,0.0,0.0,0.0,0.0,0.0,0.0,0.0,0.0,2020-21,hand-off
108,Deandre Ayton,PHX,22.0,0.0,0.3,0.0,0.0,0.0,0.0,0.0,0.0,0.0,0.0,0.0,0.0,0.0,0.0,2020-21,hand-off
109,Anfernee Simons,POR,6.0,0.2,3.8,0.0,0.0,-0.2,0.0,0.0,0.0,0.0,0.0,0.0,0.0,0.0,0.0,2020-21,hand-off
110,Trent Forrest,UTA,5.0,0.2,25.0,0.0,0.0,-0.2,0.0,0.0,0.0,0.0,0.0,0.0,0.0,0.0,0.0,2020-21,hand-off
111,Reggie Perry,BKN,5.0,0.2,6.3,0.0,0.0,0.0,0.0,0.0,0.0,0.0,100.0,0.0,0.0,0.0,0.0,2020-21,hand-off
112,RJ Barrett,NYK,5.0,0.2,1.4,0.0,0.0,-0.2,0.0,0.0,0.0,0.0,0.0,0.0,0.0,0.0,0.0,2020-21,hand-off
113,Nassir Little,POR,3.0,0.3,14.3,0.0,0.0,-0.3,0.0,0.0,0.0,0.0,0.0,0.0,0.0,0.0,0.0,2020-21,hand-off
114,Kemba Walker,BOS,3.0,0.3,1.9,0.0,0.0,-0.3,0.0,0.0,0.0,0.0,0.0,0.0,0.0,0.0,0.0,2020-21,hand-off
115,Lou Williams,ATL,18.0,0.1,0.7,0.0,0.0,0.0,0.0,0.0,0.0,0.0,100.0,0.0,0.0,0.0,0.0,2020-21,hand-off
116,Ja Morant,MEM,5.0,1.8,6.0,0.0,0.0,0.4,2.0,0.0,0.0,0.0,11.1,0.0,0.0,0.0,0.0,2020-21,hand-off
117,Sam Merrill,MIL,8.0,0.1,12.5,0.0,0.0,0.0,0.0,0.0,0.0,0.0,100.0,0.0,0.0,0.0,0.0,2020-21,hand-off
118,Jevon Carter,PHX,7.0,0.1,11.1,0.0,0.0,-0.1,0.0,0.0,0.0,0.0,0.0,0.0,0.0,0.0,0.0,2020-21,hand-off
119,Ish Smith,WAS,5.0,0.2,2.1,0.0,0.0,-0.2,0.0,0.0,0.0,0.0,0.0,0.0,0.0,0.0,0.0,2020-21,hand-off
120,Patrick Beverley,LAC,17.0,0.1,1.3,0.0,0.0,-0.1,0.0,0.0,0.0,0.0,0.0,0.0,0.0,0.0,0.0,2020-21,hand-off
121,De'Andre Hunter,ATL,5.0,0.2,1.7,0.0,0.0,0.0,0.0,0.0,0.0,0.0,100.0,0.0,0.0,0.0,0.0,2020-21,hand-off
122,Tony Snell,ATL,9.0,0.1,5.0,0.0,0.0,-0.1,0.0,0.0,0.0,0.0,0.0,0.0,0.0,0.0,0.0,2020-21,hand-off
123,Matisse Thybulle,PHI,12.0,0.1,1.8,0.0,0.0,-0.1,0.0,0.0,0.0,0.0,0.0,0.0,0.0,0.0,0.0,2020-21,hand-off
124,Garrison Mathews,WAS,5.0,0.4,18.2,0.0,0.0,0.0,0.4,0.0,0.0,0.0,0.0,0.0,0.0,0.0,0.0,2020-21,hand-off
0,Stephen Curry,GSW,11.0,3.0,12.2,1.12,3.4,1.1,2.3,48.0,64.0,12.1,12.1,9.1,0.0,45.5,61.1,2021-22,hand-off
1,Devin Booker,PHX,9.0,2.0,7.6,1.69,3.0,1.1,1.6,71.0,89.0,6.3,6.3,6.3,0.0,68.8,94.4,2021-22,hand-off
2,Duncan Robinson,MIA,8.0,1.0,35.7,2.2,2.8,0.8,1.1,67.0,100.0,20.0,0.0,20.0,10.0,70.0,100.0,2021-22,hand-off
3,CJ McCollum,NOP,6.0,2.0,9.8,1.07,2.7,1.2,2.2,54.0,62.0,0.0,13.3,0.0,0.0,46.7,50.0,2021-22,hand-off
4,Kevin Knox II,ATL,2.0,1.0,13.3,2.5,2.5,0.5,0.5,100.0,150.0,50.0,0.0,50.0,0.0,100.0,0.0,2021-22,hand-off
5,Brandon Ingram,NOP,6.0,2.0,6.9,1.18,2.2,0.7,1.3,50.0,62.0,18.2,9.1,18.2,0.0,54.5,66.7,2021-22,hand-off
6,Desmond Bane,MEM,12.0,2.0,10.0,1.32,2.1,0.8,1.4,59.0,74.0,0.0,10.5,0.0,0.0,52.6,77.8,2021-22,hand-off
7,Kevin Durant,BKN,4.0,2.0,8.2,0.7,1.8,0.8,1.8,43.0,43.0,20.0,20.0,20.0,10.0,30.0,22.2,2021-22,hand-off
8,Klay Thompson,GSW,11.0,2.0,8.0,1.12,1.7,0.6,1.3,50.0,68.0,0.0,17.6,0.0,0.0,41.2,55.6,2021-22,hand-off
9,Donovan Mitchell,UTA,6.0,2.0,8.4,0.71,1.7,0.8,2.3,36.0,36.0,0.0,0.0,0.0,0.0,35.7,29.4,2021-22,hand-off
10,Grayson Allen,MIL,11.0,1.0,13.8,1.5,1.6,0.6,1.0,64.0,77.0,8.3,8.3,8.3,8.0,58.3,88.9,2021-22,hand-off
11,Max Strus,MIA,11.0,3.0,21.1,0.64,1.6,0.5,2.2,21.0,31.0,7.1,7.1,7.1,0.0,25.0,16.7,2021-22,hand-off
12,Kyrie Irving,BKN,4.0,2.0,7.2,1.0,1.5,0.5,1.3,40.0,40.0,16.7,0.0,16.7,0.0,50.0,0.0,2021-22,hand-off
13,Jalen Brunson,DAL,12.0,1.0,5.3,1.21,1.4,0.7,1.1,62.0,65.0,0.0,7.1,0.0,0.0,57.1,72.2,2021-22,hand-off
14,Tyler Herro,MIA,11.0,2.0,12.7,0.71,1.4,0.6,1.5,41.0,44.0,0.0,19.0,0.0,0.0,33.3,29.4,2021-22,hand-off
15,Dillon Brooks,MEM,11.0,1.0,4.9,1.4,1.3,0.5,0.7,62.0,75.0,10.0,10.0,0.0,0.0,60.0,83.3,2021-22,hand-off
16,Jrue Holiday,MIL,11.0,1.0,5.8,0.93,1.3,0.5,1.2,46.0,54.0,0.0,13.3,0.0,0.0,40.0,44.4,2021-22,hand-off
17,Pascal Siakam,TOR,6.0,1.0,2.9,1.75,1.2,0.5,0.7,75.0,88.0,0.0,0.0,0.0,0.0,75.0,0.0,2021-22,hand-off
18,Monte Morris,DEN,5.0,1.0,6.3,1.5,1.2,0.2,0.2,100.0,100.0,50.0,25.0,50.0,0.0,75.0,0.0,2021-22,hand-off
19,Marcus Smart,BOS,9.0,1.0,4.0,1.83,1.2,0.3,0.4,75.0,100.0,33.3,0.0,16.7,0.0,83.3,0.0,2021-22,hand-off
20,Pat Connaughton,MIL,11.0,1.0,7.7,1.71,1.1,0.5,0.5,83.0,100.0,0.0,14.3,0.0,0.0,71.4,0.0,2021-22,hand-off
21,Jimmy Butler,MIA,10.0,1.0,4.1,0.9,0.9,0.3,0.8,38.0,56.0,0.0,20.0,0.0,0.0,30.0,38.9,2021-22,hand-off
22,Jordan Poole,GSW,11.0,2.0,13.4,0.39,0.9,0.2,1.8,10.0,15.0,7.7,15.4,7.7,0.0,15.4,0.0,2021-22,hand-off
23,Gabe Vincent,MIA,11.0,1.0,8.3,1.13,0.8,0.3,0.7,38.0,50.0,12.5,0.0,12.5,12.0,37.5,0.0,2021-22,hand-off
24,Luka Doncic,DAL,9.0,1.0,3.2,0.78,0.8,0.2,0.8,29.0,36.0,11.1,11.1,11.1,0.0,33.3,0.0,2021-22,hand-off
25,Patty Mills,BKN,4.0,0.0,5.9,3.0,0.8,0.3,0.3,100.0,150.0,0.0,0.0,0.0,0.0,100.0,0.0,2021-22,hand-off
26,Victor Oladipo,MIA,8.0,1.0,6.9,0.86,0.8,0.1,0.5,25.0,25.0,28.6,14.3,14.3,0.0,42.9,0.0,2021-22,hand-off
27,Mike Conley,UTA,6.0,1.0,6.5,0.8,0.7,0.2,0.5,33.0,33.0,20.0,20.0,20.0,0.0,40.0,0.0,2021-22,hand-off
28,Troy Brown Jr.,CHI,3.0,1.0,10.0,1.0,0.7,0.3,0.7,50.0,50.0,0.0,0.0,0.0,0.0,50.0,0.0,2021-22,hand-off
29,Jordan Clarkson,UTA,6.0,1.0,4.4,1.0,0.7,0.2,0.3,50.0,50.0,25.0,25.0,25.0,0.0,50.0,0.0,2021-22,hand-off
30,Gary Trent Jr.,TOR,6.0,1.0,4.3,1.0,0.7,0.3,0.7,50.0,50.0,0.0,0.0,0.0,0.0,50.0,0.0,2021-22,hand-off
31,Aaron Holiday,PHX,5.0,0.0,11.1,3.0,0.6,0.2,0.2,100.0,150.0,0.0,0.0,0.0,0.0,100.0,0.0,2021-22,hand-off
32,Bones Hyland,DEN,5.0,0.0,4.1,1.5,0.6,0.2,0.4,50.0,75.0,0.0,0.0,0.0,0.0,50.0,0.0,2021-22,hand-off
33,Nikola Vucevic,CHI,5.0,0.0,1.0,3.0,0.6,0.2,0.2,100.0,150.0,0.0,0.0,0.0,0.0,100.0,0.0,2021-22,hand-off
34,Jaylen Brown,BOS,10.0,1.0,4.6,0.5,0.5,0.1,0.5,20.0,20.0,20.0,30.0,20.0,0.0,30.0,5.6,2021-22,hand-off
35,Scottie Barnes,TOR,4.0,0.0,1.8,2.0,0.5,0.3,0.3,100.0,100.0,0.0,0.0,0.0,0.0,100.0,0.0,2021-22,hand-off
36,Tyus Jones,MEM,12.0,1.0,9.2,0.55,0.5,0.2,0.8,20.0,30.0,0.0,9.1,0.0,0.0,18.2,11.1,2021-22,hand-off
37,Chris Paul,PHX,12.0,0.0,2.6,1.2,0.5,0.2,0.3,67.0,67.0,20.0,20.0,20.0,0.0,60.0,0.0,2021-22,hand-off
38,Bogdan Bogdanovic,ATL,4.0,0.0,3.4,1.0,0.5,0.3,0.5,50.0,50.0,0.0,0.0,0.0,0.0,50.0,0.0,2021-22,hand-off
39,Juan Toscano-Anderson,GSW,6.0,0.0,15.4,1.5,0.5,0.2,0.3,50.0,75.0,0.0,0.0,0.0,0.0,50.0,0.0,2021-22,hand-off
40,Spencer Dinwiddie,DAL,12.0,0.0,1.8,2.0,0.5,0.2,0.2,100.0,100.0,33.3,0.0,33.3,0.0,100.0,0.0,2021-22,hand-off
41,Trey Murphy III,NOP,6.0,0.0,4.0,3.0,0.5,0.2,0.2,100.0,150.0,0.0,0.0,0.0,0.0,100.0,0.0,2021-22,hand-off
42,Seth Curry,BKN,4.0,1.0,9.3,0.5,0.5,0.3,1.0,25.0,25.0,0.0,0.0,0.0,0.0,25.0,0.0,2021-22,hand-off
43,Zach LaVine,CHI,4.0,1.0,4.9,0.5,0.5,0.3,0.8,33.0,33.0,0.0,25.0,0.0,0.0,25.0,0.0,2021-22,hand-off
44,Wesley Matthews,MIL,11.0,1.0,10.4,0.71,0.5,0.2,0.6,29.0,36.0,0.0,0.0,0.0,0.0,28.6,0.0,2021-22,hand-off
45,Coby White,CHI,5.0,0.0,1.9,2.0,0.4,0.2,0.2,100.0,100.0,0.0,0.0,0.0,0.0,100.0,0.0,2021-22,hand-off
46,Danilo Gallinari,ATL,5.0,0.0,1.8,2.0,0.4,0.2,0.2,100.0,100.0,0.0,0.0,0.0,0.0,100.0,0.0,2021-22,hand-off
47,Aaron Gordon,DEN,5.0,0.0,2.7,1.0,0.4,0.2,0.4,50.0,50.0,0.0,0.0,0.0,0.0,50.0,0.0,2021-22,hand-off
48,Shake Milton,PHI,12.0,0.0,7.4,1.25,0.4,0.1,0.3,33.0,33.0,25.0,0.0,25.0,0.0,50.0,0.0,2021-22,hand-off
49,Giannis Antetokounmpo,MIL,11.0,1.0,1.9,0.57,0.4,0.2,0.6,29.0,29.0,0.0,0.0,0.0,0.0,28.6,0.0,2021-22,hand-off
50,Jevon Carter,MIL,10.0,0.0,11.5,1.33,0.4,0.2,0.2,100.0,100.0,0.0,33.3,0.0,0.0,66.7,0.0,2021-22,hand-off
51,Tyrese Maxey,PHI,12.0,1.0,3.1,0.71,0.4,0.2,0.4,40.0,50.0,0.0,28.6,0.0,0.0,28.6,0.0,2021-22,hand-off
52,Davis Bertans,DAL,12.0,0.0,12.5,1.0,0.4,0.1,0.3,25.0,38.0,40.0,0.0,40.0,20.0,40.0,0.0,2021-22,hand-off
53,Delon Wright,ATL,5.0,0.0,2.6,2.0,0.4,0.0,0.0,0.0,0.0,100.0,0.0,100.0,0.0,100.0,0.0,2021-22,hand-off
54,Bryn Forbes,DEN,5.0,0.0,5.3,2.0,0.4,0.2,0.2,100.0,100.0,0.0,0.0,0.0,0.0,100.0,0.0,2021-22,hand-off
55,Andrew Wiggins,GSW,11.0,0.0,0.6,3.0,0.3,0.1,0.1,100.0,150.0,0.0,0.0,0.0,0.0,100.0,0.0,2021-22,hand-off
56,Danny Green,PHI,12.0,0.0,1.0,3.0,0.3,0.1,0.1,100.0,150.0,0.0,0.0,0.0,0.0,100.0,0.0,2021-22,hand-off
57,Mikal Bridges,PHX,12.0,0.0,3.3,0.8,0.3,0.2,0.3,50.0,50.0,0.0,20.0,0.0,0.0,40.0,0.0,2021-22,hand-off
58,Derrick White,BOS,10.0,0.0,2.5,1.5,0.3,0.1,0.2,50.0,75.0,0.0,0.0,0.0,0.0,50.0,0.0,2021-22,hand-off
59,Jae Crowder,PHX,12.0,0.0,2.4,1.0,0.3,0.0,0.1,0.0,0.0,33.3,33.3,33.3,0.0,33.3,0.0,2021-22,hand-off
60,Reggie Bullock,DAL,12.0,0.0,2.8,1.0,0.3,0.1,0.3,33.0,50.0,0.0,0.0,0.0,0.0,33.3,0.0,2021-22,hand-off
61,Malik Beasley,MIN,6.0,0.0,1.9,2.0,0.3,0.2,0.2,100.0,100.0,0.0,0.0,0.0,0.0,100.0,0.0,2021-22,hand-off
62,Anthony Edwards,MIN,6.0,0.0,0.7,2.0,0.3,0.2,0.2,100.0,100.0,0.0,0.0,0.0,0.0,100.0,0.0,2021-22,hand-off
63,Naji Marshall,NOP,6.0,0.0,6.7,2.0,0.3,0.0,0.0,0.0,0.0,100.0,0.0,100.0,0.0,100.0,0.0,2021-22,hand-off
64,Karl-Anthony Towns,MIN,6.0,0.0,2.3,0.67,0.3,0.0,0.3,0.0,0.0,33.3,0.0,0.0,0.0,33.3,0.0,2021-22,hand-off
65,Jarrett Culver,MEM,3.0,1.0,15.4,0.5,0.3,0.0,0.3,0.0,0.0,50.0,0.0,50.0,0.0,50.0,0.0,2021-22,hand-off
66,Bojan Bogdanovic,UTA,6.0,1.0,3.9,0.5,0.3,0.2,0.5,33.0,33.0,0.0,25.0,0.0,0.0,25.0,0.0,2021-22,hand-off
67,Cameron Johnson,PHX,12.0,0.0,3.4,0.5,0.2,0.1,0.3,33.0,33.0,0.0,25.0,0.0,0.0,25.0,0.0,2021-22,hand-off
68,Trae Young,ATL,5.0,1.0,3.5,0.25,0.2,0.0,0.2,0.0,0.0,25.0,50.0,0.0,0.0,25.0,0.0,2021-22,hand-off
69,D'Angelo Russell,MIN,6.0,0.0,3.1,0.33,0.2,0.0,0.3,0.0,0.0,33.3,0.0,33.3,0.0,33.3,0.0,2021-22,hand-off
70,Patrick Beverley,MIN,6.0,0.0,1.4,1.0,0.2,0.0,0.0,0.0,0.0,100.0,0.0,100.0,0.0,100.0,0.0,2021-22,hand-off
71,Jayson Tatum,BOS,10.0,0.0,1.4,0.5,0.2,0.1,0.4,25.0,25.0,0.0,0.0,0.0,0.0,25.0,0.0,2021-22,hand-off
72,Furkan Korkmaz,PHI,9.0,0.0,7.7,1.0,0.2,0.1,0.2,50.0,50.0,0.0,0.0,0.0,0.0,50.0,0.0,2021-22,hand-off
73,Brook Lopez,MIL,11.0,0.0,0.9,2.0,0.2,0.0,0.0,0.0,0.0,100.0,0.0,100.0,0.0,100.0,0.0,2021-22,hand-off
74,Fred VanVleet,TOR,4.0,0.0,3.3,0.0,0.0,0.0,0.3,0.0,0.0,0.0,50.0,0.0,0.0,0.0,0.0,2021-22,hand-off
75,Svi Mykhailiuk,TOR,3.0,0.0,50.0,0.0,0.0,0.0,0.3,0.0,0.0,0.0,0.0,0.0,0.0,0.0,0.0,2021-22,hand-off
76,Xavier Tillman,MEM,9.0,0.0,2.6,0.0,0.0,0.0,0.1,0.0,0.0,0.0,0.0,0.0,0.0,0.0,0.0,2021-22,hand-off
77,Torrey Craig,PHX,8.0,0.0,4.3,0.0,0.0,0.0,0.1,0.0,0.0,0.0,0.0,0.0,0.0,0.0,0.0,2021-22,hand-off
78,Kyle Anderson,MEM,12.0,0.0,1.4,0.0,0.0,0.0,0.1,0.0,0.0,0.0,0.0,0.0,0.0,0.0,0.0,2021-22,hand-off
79,Dorian Finney-Smith,DAL,12.0,0.0,1.6,0.0,0.0,0.0,0.1,0.0,0.0,0.0,50.0,0.0,0.0,0.0,0.0,2021-22,hand-off
80,Patrick Williams,CHI,5.0,0.0,3.4,0.0,0.0,0.0,0.4,0.0,0.0,0.0,0.0,0.0,0.0,0.0,0.0,2021-22,hand-off
81,Cameron Payne,PHX,12.0,0.0,2.5,0.0,0.0,0.0,0.2,0.0,0.0,0.0,0.0,0.0,0.0,0.0,0.0,2021-22,hand-off
82,OG Anunoby,TOR,6.0,0.0,2.0,0.0,0.0,0.0,0.3,0.0,0.0,0.0,0.0,0.0,0.0,0.0,0.0,2021-22,hand-off
83,Landry Shamet,PHX,11.0,0.0,5.7,0.0,0.0,0.0,0.2,0.0,0.0,0.0,33.3,0.0,0.0,0.0,0.0,2021-22,hand-off
84,Will Barton,DEN,5.0,0.0,2.5,0.0,0.0,0.0,0.4,0.0,0.0,0.0,0.0,0.0,0.0,0.0,0.0,2021-22,hand-off
85,Khris Middleton,MIL,2.0,1.0,5.6,0.0,0.0,0.0,1.0,0.0,0.0,0.0,0.0,0.0,0.0,0.0,0.0,2021-22,hand-off
86,John Konchar,MEM,8.0,0.0,15.4,0.0,0.0,0.0,0.1,0.0,0.0,0.0,50.0,0.0,0.0,0.0,0.0,2021-22,hand-off
87,Austin Rivers,DEN,5.0,0.0,9.1,0.0,0.0,0.0,0.2,0.0,0.0,0.0,50.0,0.0,0.0,0.0,0.0,2021-22,hand-off
88,Caleb Martin,MIA,11.0,0.0,6.0,0.0,0.0,0.0,0.3,0.0,0.0,0.0,0.0,0.0,0.0,0.0,0.0,2021-22,hand-off
89,De'Andre Hunter,ATL,5.0,0.0,1.1,0.0,0.0,0.0,0.0,0.0,0.0,0.0,100.0,0.0,0.0,0.0,0.0,2021-22,hand-off
90,James Harden,PHI,12.0,0.0,1.2,0.0,0.0,0.0,0.2,0.0,0.0,0.0,0.0,33.3,0.0,0.0,0.0,2021-22,hand-off
91,Kyle Lowry,MIA,5.0,1.0,10.6,0.0,0.0,0.0,1.0,0.0,0.0,0.0,0.0,0.0,0.0,0.0,0.0,2021-22,hand-off
92,Jonathan Kuminga,GSW,9.0,0.0,1.6,0.0,0.0,0.0,0.1,0.0,0.0,0.0,0.0,0.0,0.0,0.0,0.0,2021-22,hand-off
93,Ziaire Williams,MEM,10.0,0.0,1.7,0.0,0.0,0.0,0.1,0.0,0.0,0.0,0.0,0.0,0.0,0.0,0.0,2021-22,hand-off
94,DeMar DeRozan,CHI,5.0,0.0,0.8,0.0,0.0,0.0,0.2,0.0,0.0,0.0,0.0,0.0,0.0,0.0,0.0,2021-22,hand-off
95,Armoni Brooks,TOR,4.0,0.0,25.0,0.0,0.0,0.0,0.3,0.0,0.0,0.0,0.0,0.0,0.0,0.0,0.0,2021-22,hand-off
96,Al Horford,BOS,4.0,0.3,2.6,0.0,0.0,0.0,0.3,0.0,0.0,0.0,0.0,0.0,0.0,0.0,0.0,2021-22,hand-off
97,Kevin Huerter,ATL,5.0,0.0,1.7,0.0,0.0,0.0,0.0,0.0,0.0,0.0,100.0,0.0,0.0,0.0,0.0,2021-22,hand-off
98,Grant Williams,BOS,10.0,0.0,1.1,0.0,0.0,0.0,0.1,0.0,0.0,0.0,0.0,0.0,0.0,0.0,0.0,2021-22,hand-off
99,Brandon Clarke,MEM,12.0,0.0,0.8,0.0,0.0,0.0,0.0,0.0,0.0,0.0,100.0,0.0,0.0,0.0,0.0,2021-22,hand-off
100,Alex Caruso,CHI,4.0,0.0,4.2,0.0,0.0,0.0,0.3,0.0,0.0,0.0,0.0,0.0,0.0,0.0,0.0,2021-22,hand-off
101,Payton Pritchard,BOS,10.0,0.0,2.4,0.0,0.0,0.0,0.1,0.0,0.0,0.0,0.0,0.0,0.0,0.0,0.0,2021-22,hand-off
102,Devonte' Graham,NOP,6.0,0.0,3.8,0.0,0.0,0.0,0.2,0.0,0.0,0.0,0.0,0.0,0.0,0.0,0.0,2021-22,hand-off
103,Herbert Jones,NOP,6.0,0.0,1.6,0.0,0.0,0.0,0.2,0.0,0.0,0.0,0.0,0.0,0.0,0.0,0.0,2021-22,hand-off
104,Royce O'Neale,UTA,6.0,0.0,2.6,0.0,0.0,0.0,0.2,0.0,0.0,0.0,0.0,0.0,0.0,0.0,0.0,2021-22,hand-off
105,Ayo Dosunmu,CHI,5.0,0.0,3.4,0.0,0.0,0.0,0.2,0.0,0.0,0.0,0.0,0.0,0.0,0.0,0.0,2021-22,hand-off
106,Joel Embiid,PHI,10.0,0.0,0.4,0.0,0.0,0.0,0.1,0.0,0.0,0.0,0.0,0.0,0.0,0.0,0.0,2021-22,hand-off
107,Precious Achiuwa,TOR,6.0,0.0,1.5,0.0,0.0,0.0,0.2,0.0,0.0,0.0,0.0,0.0,0.0,0.0,0.0,2021-22,hand-off
108,De'Anthony Melton,MEM,10.0,0.0,6.2,0.0,0.0,0.0,0.5,0.0,0.0,0.0,0.0,0.0,0.0,0.0,0.0,2021-22,hand-off
109,Jordan Nwora,MIL,7.0,0.0,12.5,0.0,0.0,0.0,0.1,0.0,0.0,0.0,0.0,0.0,0.0,0.0,0.0,2021-22,hand-off
110,Georges Niang,PHI,12.0,0.0,1.8,0.0,0.0,0.0,0.1,0.0,0.0,0.0,0.0,0.0,0.0,0.0,0.0,2021-22,hand-off
111,Goran Dragic,BKN,4.0,0.0,2.7,0.0,0.0,0.0,0.0,0.0,0.0,0.0,100.0,0.0,0.0,0.0,0.0,2021-22,hand-off
112,Ja Morant,MEM,9.0,1.0,1.9,0.0,0.0,0.0,0.3,0.0,0.0,0.0,40.0,0.0,0.0,0.0,0.0,2021-22,hand-off
